store_id,store_grade,store_name,member_id ,member_name,order_count,score,phone,store_qq,store_email,store_address,page
422145,3332,花精灵鲜花官方店,168892,SH2018,955,5,13817938173、13761615116,363672770,10190897@qq.com,上海市嘉定区玉麦路388号莱英北郡,1
306114,332,欣然花店,31099,欣然花店,5267,5,13714465982、13418629580,2977429949,582358195@qq.com,民治街道中环路（原联丰表壳厂）F栋2楼203,1
297540,22,蝶恋鲜花店,1538,深圳蝶恋鲜花,482,5,13316853961,758942756,758942756@qq.com,福安街72号,1
332618,33,杭州123,62058,杭州123,20310,5,17767156521,2170835275,2170835275@qq.com,凤起东路,1
205867,3311,漳州美阁花店,22695,漳州美阁花店,1980,5,18759661722、15606055588,754328968,754328968@qq.com,苍园路18-3号,1
277865,33311,桐乡浪漫花坊鲜花总店,20705,浪漫花坊,198,5,13819030623,393023393,393023393@qq.com,中山东路655号 新世纪公园对面往西200米,1
215933,332211,楚楚花坊,13339,楚楚花坊,259,5,15321571049、4000571314,2248805355,930916331@qq.com,南四环中路256号,1
300005,332111,天津花儿时间鲜花店,23661,天津花娃鲜花店,66,5,13821616272、18698067679,58694089,iiflowertime@qq.com,广开三马路与广开南街交口,1
231945,3321,苏州吴江好运花店,22194,吴江好运花店,881,5,15365363663,505201000,505201000@qq.com,苏州市吴江区木浪路339号木浪托儿所好运花屋,1
310726,3321,甬城花店,39469,甬城花店,140,5,15867831704,1218952556,1218952556@qq.com,宁波市鄞州区桃源街335号,1
380905,31,静萱花语,111056,静萱花语鲜花店,5261,5,13671900041、13671900041,161766962,161766962@qq.com,上海市浦东新区浦建路620号（靠近陆家嘴）,14
421270,31,深圳花满楼龙华龙岗店,167116,深圳花满楼龙岗龙华店,3715,5,13480649105、13352966439,54833661,28988056@qq.com,龙岗区坂田黄金山6巷13-14号,14
419197,3,红红鲜花屋,161427,迷妮魅花屋,4921,5,13126832905、18201517873,959724443,250030186@qq.com,玉阁胡同3号,14
209636,31,爱花居上海市柳埠路店,22648,浦东百合鲜花,3308,5,18301992669,976826607,1025077491@qq.com,浦东金桥牟平路139号,14
301696,31,爱花居长沙市人民路店,25738,紫蝶花艺,4323,5,13367496948,392635064,392635064@qq.com,长沙市雨花区人民中路46号,14
421132,31,芬儿花品行花店,163515,芬儿花品行分部,5003,5,15957110161、18268126386,877101029,516440851@qq.com,文晖路284号,14
304118,31,爱丽诗花店,28509,爱丽诗花店,3847,5,18929211863,2485937599,1099001299@qq.com,东莞市，莞城区南阳一路,14
420523,31,520鲜花花坊,165272,520鲜花花坊,3589,5,18513878583,2787464943,2787464943@qq.com,北京市朝阳区星河双语金盏校区西侧金盏文化广场,14
268003,3,珠海百花园,22731,珠海百花园,2775,5,13392533375、13392533375,595240106,609256917@qq.com,光明街63号33333323,14
282317,31,青岛皇家鲜花店,16102,青岛皇家鲜花,3519,5,13061203576,809249852,809249852@qq.com,秦岭路28号2-206,14
380633,31,浅草时光,110713,浅草时光花坊,5255,5,13823108559、13641456102,1050579493,2077326804@qq.com,桃源街道龙井村西区2栋1-2铺,13
438916,31,北京威威鲜花绿植超市2店,193871,1587024198,4607,5,18301004601,1587024198,1587024198@qq.com,通州区口子村,13
227063,31,广州你家花坊,21633,广州鲜花配送,4473,5,15902074545、18922756658,584999287,584999287@qq.com,广州市越秀区环市中路315号惠州大厦,13
303306,3111,爱花居上海市曹杨路店,27592,徐德思,1565,5,15000843778、18601634274,137096599,137096599@qq.com,上海市普陀区曹杨路957号B区1号,13
261832,31,信阳鲜花网,21595,信阳鲜花网,5042,5,13183365006、13603767530,635211484,635211484@qq.com,中山广场中心医院对面百合鲜花超市,13
333281,31,南昌花店-爱寻鲜花,62558,daxingxing,0,5,17099176757、15079081046,463854912,463854912@qq.com,青山湖区北京东路1819号京东天虹1楼,13
239748,31,菏泽祥元鲜花店,20399,祥元鲜花店,4491,5,15264081993,361152944,361152944@qq.com,菏泽市青年路三角花园往北60米路西,13
423149,31,一千零一夜花艺馆,167261,燕姐花花,4991,5,15910401573,512985921,512985921@qq.com,西城区西四东大街10,13
311059,31,北京温馨花艺,39946,一个花店,5238,5,18515603679、15510202445,412189895,412189895@qq.com,回龙观国仕汇小区13号楼底商209,13
281042,3,兰州蓝玫鲜花,21492,兰州蓝玫鲜花,3944,5,18694127297,894028581,2413179392@qq.com,甘肃省兰州市城关区甘南路236号,13
422036,31,广州喜羊羊鲜花速递,168687,喜羊羊鲜花速递,5806,5,13929180186、13929180186,918692958,918692958@qq.com,梅花园地铁站B口200米,12
291119,31,爱花居北京市复兴路店,9909,花开富贵,2143,5,18710119960、18301508447,1711461047,1585999260@qq.com,天利宏,12
307146,31,桐馨花店,33406,桐馨花店,2919,5,15220222775、13418666600,597161902,597161902@qq.com,滨河新村25栋,12
251330,31,石家庄成成花艺,22250,成成花坊,4679,5,13613317776,9879065,307938500@qq.com,育才街43中北侧100米路西,12
224405,32,爱花居昆明市昆州路店,21941,昆明七月雨,1736,5,13888007852,369401604,611ly@163.com,昆州路123号,12
414723,31,春园鲜花婚庆店。,145086,s13681949424,5308,5,13681949424,2210752108,2210752108@qq.com,安徽省合肥市肥西县文一名门绿洲(繁华大道南210米)名门绿洲文一名门绿洲北门,12
281595,31,成都有家花坊,22110,成都有家花坊,5607,5,13438967870,277422533,wangzhen277422@yahoo.cn,肖家河正街100号附5号,12
416386,31,千日鸿,147378,重庆蓝岛花店,5358,5,18983843685、13808031955,,2185166901@qq.com,会展花市b区116,12
265741,31,潍坊玫瑰花语鲜花,10989,潍坊玫瑰花语鲜花,5439,5,13573629975、13573629975,2856898801,2856898801@qq.com,文化路与民生街交叉路口南200米路西,12
301409,31,深圳龙岗木兰花店,25375,深圳龙岗木兰花店,5301,5,18822869430、18129946692,419346591,419346591@qq.com,龙岗区横岗街道心愉街9号,12
211991,3211,贵阳芯缘花艺,20866,幸运花艺,468,5,18188006216、15885502714,1083144149,1083144149@qq.com,宝山北路322号,11
218711,3111,贵阳蔓延花艺,22136,gouwei1314520@qq.com,3804,5,18985580950,2637466895,gouwei1314520@qq.com,富水南路74--2号,11
245671,311,上海浦东香语鲜花速递,22661,上海浦东香语鲜花,2707,5,15286021543、15855260414,792805078,792805078@qq.com,唐陆公路1602号,11
424066,31,北京朝阳区港缘花卉,173182,北京港缘花卉4,1858,5,13021957027、13021957027,854308857,1320661602@qq.com,星火西路19号苏宁易购,11
258750,31,上海久豪花坊,19528,久豪花坊,3422,5,13761192830,774684804,shjiuhao@hotmail.com,上海市静安区灵石路1197号,11
245269,32,无锡花之韵鲜花店,22139,505166687@qq.com,3061,5,18751553991,772631163,505166687@qq.com,无锡市崇安区南禅寺(地铁站)南禅寺(地铁站),11
240202,31,爱花居天津市嘉陵南里店,16155,爱雅鲜花店,5074,5,18920139961、18322218003,2990279634,tj_amandawq@163.com,天津市南开区嘉陵南里17号楼底商,11
286753,31,北京如意花坊,837,北京如意花坊,5460,5,13439428596、18810490051,804044829,804044829@qq.com,北京市朝阳区立水桥明天生活馆,11
288836,311,安妮时尚鲜花速递,10771,安妮时尚鲜花速递,2731,5,18601034080,1653073139,728337441@qq.com,北京市朝阳区霞光里35号院1号楼霞光里35号院-1号楼七单元101,11
302380,31,上海薇尼花艺,26543,上海薇尼花艺,5733,5,13761666683、13701624505,2439711947,2439711947@qq.com,上海市杨浦区控江路1442号,11
268591,32111,昆明七彩鲜花店,22241,ynhua@qq.com,55,5,13888644380、18987150062,112843490,ynhua@qq.com,联盟路尚义花市177号附4、5号,10
427066,311,蜂鸟鲜花,179169,上海蜂鸟鲜花,2021,5,15502111142,3454239521,3454239521@qq.com,淡水路100,10
220690,321,塘沽晴晴晴花店,18136,jsxyxuqiang,2847,5,15822619509、19802277120,417458531,417458531@qq.com,天津市滨海新区联合村6栋联合村-6号楼1门101,10
308058,311,美好鲜花（顺义店）,35218,美好鲜花1,2121,5,15321552622、18518098839,2540395325,lvdawei0306@163.com,顺义区宏城花园底商6号楼1-4,10
302057,311,佛山心贝花艺,26171,甜密密鲜花店,3959,5,15986073608,379323545,379323545@qq.com,大沥镇水头何公园,10
229248,311,苏州阿琳鲜花蛋糕实体店,19658,苏州野鹤鲜花,6065,5,15952448545,95894576,95894576@qq.com,凤凰街200号，唯爱花艺,10
301503,311,济南花之舞鲜花店,25480,济南花之舞鲜花店,4971,5,13256661006,1191508866,1191508866@qq.com,大明湖西南门对面,10
307974,311,爱花居银川市正源南街店,35078,紫藤花艺店,5645,5,15909506079、17795029147,63516585,63516585@qq.com,高新技术开发区正源南街145号,10
259169,311,北京鲜花,19475,北京芙蓉花艺,2646,5,13911861801,1500450495,laijianhui888@163.com,北京朝阳区东苇路鑫兆佳园15号楼一层底商,10
213683,3211,杭州花无缺花店,22787,杭州花无缺花店,1080,5,15888849713、15925661651,1308919842,1308919842@qq.com,东湖中路317号,10
235188,3322,厦门迷情花坊,21578,厦门迷情花坊,484,5,18900221131,499292778,499292778@qq.com,东坪二里187号,9
415699,3211,洪源花店,146486,爱花居东城店,1993,5,15301125290、18601034080,1653073139,13810021708@163.com,北京市东城区美术馆后街65号美术馆后街-65号楼美术馆后街65号楼下平房。,9
238226,311,北京火红的味道鲜花店,21286,北京彩虹蓝黛鲜花店,6427,5,18310083188、13621177511,2131416121,1527206618@qq.com,北沙滩华源冠军城1号楼,9
415680,311,蓝岛flower,146459,蓝岛flower,2818,5,13389246302、13389246302,414826140,414826140@qq.com,柏树林39号,9
255665,311,杭州蓝岛花卉,22145,杭州蓝岛花卉,652,5,15394299616、13376817828,1492968328,393622223@qq.com,华中南路219号花卉世界北区606-608,9
332827,311,花花110,62343,15606539567,6381,5,15606539567,302690742,302690742@qq.com,新天地东方茂商业中心3号楼1018室,9
300866,311,美奇花花,24712,美奇花花,46,5,13417359505、18198916090,2552732314,2552732314@qq.com,广州市越秀区云鹤南街,9
304473,311,北京亦香花坊,28930,1019542095,6195,5,15801039024、18618217939,1019542095,1019542095@qq.com,慧华苑东门,9
419251,311,花点心思鲜花坊,161597,花点心思鲜花坊,5963,5,17521278718、15001733278,863064837,863064837@qq.com,上海市浦东新区锦绣路(地铁站)锦绣路(地铁站),9
443414,311,上海波波花艺,202726,上海波波花艺,51,5,18616986929、13701624505,1164908366,1164908366@qq.co,浦东新区花木路108号,9
238429,321,安庆市翩翩花卉鲜花店,20991,安徽安庆翩翩鲜花,107,5,13855686387,1069330507,1069330507@qq.com,纺织南路98-3号,8
258587,322,明流时尚花艺,3680,明流时尚花艺,425,5,18106740358,986089708,laihao7878@163.com,温州市鹿城区滨江街道罗湾锦苑5栋106,8
421071,311,东莞花满楼,166766,东莞花满楼,6645,5,13823260817,68402688,68402688@qq.com,东莞市东城区莞城石井大道108,8
282187,311,重庆小雨花坊,11689,小雨花坊,6174,5,18323035795,1195024637,1195024637@qq.com,重庆市沙坪坝区三峡广场王府井B座26-12,8
311412,311,北京静花苑,40401,北京静花苑,6774,5,18810272589,714719525,7147525@qq.com,海淀区首体南路，主语国际,8
264472,311,蓝岛花卉,22572,南京蓝岛花卉,2124,5,13951761366、13327800616,864355248,1761551066@qq.com,南京市长虹路253号,8
252725,322,台州流星花房,17896,台州流星花房,78,5,13968403333,148137663,148137663@qq.com,温岭市泽国镇鹤池路160号,8
380919,311,花小姐鲜花坊,111076,花小姐鲜花店,6528,5,15142002263、13940563810,2028133809,2028133809@qq.com,兴工街28,8
236702,322,红袖添香花坊,12290,红袖添香,0,5,13371710315,284767778,qln0212@163.com,万泉河路62号院3号楼,8
303109,311,小丸子鲜花,27189,小丸子鲜花,5776,5,18618189880,43182315,43182315@qq.com,北京市丰台区东大街东里前平房,8
281022,321,北京花乐康语花艺,11036,北京花乐康语花艺,5002,5,13718683428,619626064,619626064@qq.com,立水桥地铁站附近,7
290842,3111,广州二八鲜花,22152,广州二八鲜花,2251,5,18925087137,297352000,297352000@qq.com,水荫路12号,7
437304,3111,魏巍鲜花配送,190617,魏巍鲜花配送,1010,5,13020281351、13701624505,2684475556,2684475556@qq.com,杨浦区控江路1628,7
421916,3111,上海鲜花配送实体店,168436,上海鲜花配送实体店,5929,5,15061640968、13761666683,1836815241,459777361@qq.com,金沙江路1688号,7
226162,3111,惠州千彩花店,18456,惠州千彩鲜花店,3644,5,15016066130、18003016275,910005680,linglang010@163.com,东湖花园 东湖三街89-42号,7
282476,3111,温州印象花艺,22116,温州印象花店,6880,5,18106786399,124393576,124393576@qq.com,浙江省温州市瓯海区塘西中路119号印象鲜花店,7
333018,3111,北京点点鲜花坊,62594,北京点点鲜花坊,7465,5,15801247798,2130321164,2130321164@qq.com,西城区广安门手帕口南街46-8号,7
308022,3111,浪漫花屋,34240,情人花漂亮,6761,5,17710855360,1689617767,1689617767@qq.com,西城区旧鼓楼大街大石桥4号,7
332993,3111,厦门益辉鲜花坊,62556,厦门益辉鲜花坊,3904,5,13123179551、18559891172,3189805828,3189805828@qq.com,东坪三里69号,7
301985,3111,小蜜蜂花城,26082,小蜜蜂花城,3961,5,13488923139、13982212046,2290921369,2290921369@qq.com,蜀汉路89号花好月圆,7
301025,321,馨爱鲜花,24904,馨爱鲜花,4869,5,15122435588,2667119830,2667119830@qq.com,光荣道栖霞里底商25号,6
231472,322111,宁波市海曙情缘平价鲜花店,21854,宁波情缘花艺,162,5,13008997747、18968296987,785826269,785826269@qq.com,南苑街30号（江东区江北区鄞州区）,6
415038,321,大大鲜花店,145537,大大鲜花店,9620,5,15652359167,382105939,382105939@qq.com,化工路59号,6
212378,32211,辽宁大连瓦房店永远鲜花蛋糕,18966,永远鲜花,769,5,13700116675,35251121,35251121@qq.com,共济街---五一路南行400M,6
302014,32,深圳花店,26120,信望爱鲜花店,7855,5,13128949537,2270273803,2270273803@qq.com,八卦岭,6
249676,32211,荥阳市爱尚花艺,19836,wpf0429,284,5,15537136009,712392922,712392922@qq.com,工业路与康泰路交叉口向南100米路东,6
272465,32,哈尔滨鲜花店,11234,哈尔滨鲜花蛋糕店,8691,5,13804500622、15645670220,243181627,哈尔滨鲜花蛋糕店,旭升南街,6
415787,32,晨曦花园,146590,晨曦花园,4394,5,13311073677、13641339459,2114224699,2114224699@qq.com,樱花园16号,6
223868,32,枫叶花艺空间,21432,南宁枫叶花艺,5874,5,18677112261、13768440537,,南宁枫叶花艺,思贤路35号,6
286134,3111,郁香阁鲜花,19482,郁香阁鲜花,7267,5,18611628885、15911141194,501395768,郁香阁鲜花,西直门交大东路56号,6
302379,321,上海成林花艺,26542,上海成林花艺,10433,5,13246145627、13701624505,3261546928,shnaghaichenglin@126.com,金汇路528号,5
304142,3222,明红花店,28536,开心一笑19788,299,5,13018983078、13018983078,595310657,595310657@qq.com,米市巷街道湖墅南路335号明红花店,5
301319,3221,南京品尚鲜花,25262,绿园鲜花,4500,5,13851624638、13905172385,981212780,981212780@qq.com,江苏省南京市秦淮区仙鹤街126号品尚鲜花,5
238045,3211,上海258鲜花,22918,上海258鲜花,5263,5,18221496557,1275888453,1275888453@qq.com,曹安公路1777号美城广场B区一楼1038-,5
278987,322,中山小榄鲜花店,10992,中山小榄鲜花店,5996,5,15016111338,513556423,958767638@qq.com,中山市市辖区广东省中山市小榄镇红山路46号(小榄人民公园西门)菊城酒店中山市小榄菊城大道28兮,5
421404,321,青海一间花店,159967,q162199849,9445,5,18097079102、18389925523,1394070160,1067549752@qq.com,西宁市城西区西关大街59号,5
218804,322111,银川七彩鲜花,21989,宁夏银川七彩鲜花,45,5,18695133554,65359734,he365479994@163.com,银川市民族南街星光华府7-2号（大致民族南街和治平路交接处往,5
303938,11,芊芊花坊,28308,芊芊花坊,13,5,13998018619,664846187,664846187@qq.com,鞍山市铁东区站前街14栋1号,5
289155,321,杭州逸家美花店,11328,逸家美花店,7725,5,15372056926、15958039212,3249501690,516358062@QQ.COM,拱墅区丰庆路710号对面（世纪联华对面）,5
267773,32111,重庆天际花艺,20783,重庆天际花艺,12371,5,13883044415、15023208088,373905552,373905552@qq.com,回兴工业园区宝圣西路133号,4
245067,32,杭州陌上花开（婚庆花艺连锁）,21988,18657120230,8161,5,13282000270、18658191600,1169060022,136748864@qq.com,文晖路212号,4
308509,3211,京燕鲜花店,36071,京燕鲜花店,12111,5,17611168399、17190186810,110867444,110867444@qq.com,丰台区梅市口路甲10号院,4
277843,3211,爱清清鲜花店,22641,爱清清鲜花,8292,5,13711287223,105716745,,中山大道棠下恒东商务酒店旁,4
248438,32211,东莞半边天花艺,21485,东莞半边天花艺,2308,5,13725783377、13725783377,569137146,569137146@qq.com,银丰路29号,4
266821,3211,西安浪漫满屋,22280,13379288771,7799,5,17766662168,929748906,929748906@qq.com,东二环北东元路248号,4
305011,3222,常州米伦蛋糕鲜花,29612,常州米伦蛋糕鲜花,71,5,13861278322、15195032047,43522608,43522608@qq.com,金鸡东路7-16,4
310908,322,银川花之语鲜花,39725,银川花之语鲜花,184,5,18995059156、18995059156,,447929083@qq.com,胜利南街628号,4
307137,322111,福州益辉鲜花坊,33390,福州益辉鲜花坊,1167,5,13123166251、18559891172,3601775731,254613559@qq.com,交通路112号（交通路小学旁）,4
305976,3211,花语嫣然鲜花工坊,30847,花语嫣然鲜花工坊,11090,5,13705172524、13851894160,244256257,244256257@qq.com,建邺区茶南,4
305833,32111,鸿鑫鲜花店,30551,鸿鑫花店,9995,5,13711696712、13527897546,1172803693,1172803693@qq.com,环市西路61号,3
222175,32111,北京小爽鲜花婚庆工作室,1230,北京小爽鲜花婚庆工作室,1018,5,13691593156、13691593156,1052380114,1052380114@qq.com,市天宁寺花卉市场鲜花厅9号 10号,3
233705,32111,广州心贝花艺,11074,广州心贝花店,6115,5,13580309721,519866793,519866793@qq.com,体育西广利55号102,3
294246,322211,杭州鲜花网,12703,杭州鲜花网,10,5,13735972256,526903767,992611266@qq.com,凤起花鸟市场东区,3
310941,32111,佛山家有花满楼,39770,佛山花满楼,5624,5,15818010254,139019603,139019603@qq.com,桂城店：桂城北约村住宅新区107号楼一层；顺德店：顺德龙江镇工商业二街12号,3
191719,3222,成都紫轩花坊,22628,成都紫轩花坊,3094,5,18280206850,2907933768,2907933768@qq.com,肖家河沿巷4号附1号,3
313532,32111,欣爱鲜花速递,42546,薛金苗,7886,5,17310516205、17310516205,3441506736,1945891099@qq.com,恩济庄-96号院北门,3
314074,32111,广州同城鲜花配送,43289,鲜花AAA,12963,5,15920185150、18820104916,1302409884,735135802@qq.com,客村地铁口旁,3
303686,32221,唐山花道鲜花坊,28023,唐山蜜糖花店,1841,5,18632552141,2901525,2901525@qq.com,吉祥路12号,3
310337,32111,玫瑰花艺,38938,苏州玫瑰花艺,12404,5,18550004613,2154886101,2154886101@qq.com,江苏省苏州市姑苏区永林二区67幢北少君书法工作室少君书法工作室隔壁玫瑰花坊,3
273308,332,新疆满天星花店,22140,新疆满天星花店,3807,5,13579948416、13039446498,,mtxszy@qq.com,新疆乌鲁木齐经济技术开发区澎湖路88号万达华府小区4区9栋1层商业115室满天星花店（万达店）,2
270507,3222,北京火红新奥鲜花店,22096,戴红,15910,5,13621177511、13391987748,732803558,dhflower@126.com,北京市朝阳区北沙滩桥东南角大屯路南沙滩66号华源冠军城1号楼3单元313,2
276138,332,芜湖茉莉花坊,20386,茉莉花坊,18,5,18955332790,290517645,290517645@qq.com,天置山庄5栋5号门面,2
332739,322111,Lover鲜花店,62225,Lover鲜花店,12966,5,13522543137、15510042573,286658276,286658276@qq.com,双桥国泰百货一层底商,2
211330,3311,长沙鲜花店留香花艺,16575,长沙鲜花店留香花艺,80,5,13272019089,1035032778,1035032778@qq.com,营盘路289号,2
300705,32211,上海疏影鲜花,24528,上海疏影鲜花,11642,5,13166037880、17721121266,2167315519,331222519@qq.com,九亭大街921号,2
309439,3221,三华海风鲜花店,37618,林海风,14887,5,15153131252、15668396656,1532808666,1532808666@qq.com,济南市历下区历山路95号,2
333286,3222111,魔与花艺生活馆,62923,严艳,49,5,13984114693、15885508962,1731232140,1731232140@qq.com,市府路鲜花超市-1楼B-21,2
300481,322211,洪霏花艺,24255,洪霏花艺,1425,5,15313089291、17710487087,1136623571,1136623571@qq.com,丰台区 南四环中路256号,2
306275,322,深圳心情花艺,31396,深圳心情花艺,14067,5,18188627386、13600175155,3171739833,3171739833@qq.com,华富村东区,2
426283,2221,上海新悦花店,177632,上海新悦花店,2788,5,13761337692、15921668221,3264073653,1259886953@qq.com,杨柳青路719号,38
308457,22211,馨语鲜花店,35904,馨语鲜花店名,2889,5,18575856310,499239052,499239052@qq.com,广东省佛山市禅城区燎原路华安市场,38
246544,31,杭州米兰花店,3476,杭州米兰花店,535,5,13606531993,506999266,506999266@qq.com,凤起东路11号凤起花鸟城正大门西面第一家米兰花店,38
415380,2221,轩之花艺花店,145635,邓书军,2735,5,13327835510,271294838,271294838@qq.com,南京市鼓楼区久安里19号楼久安里-19号楼,38
199838,3,周口金贝壳花店,22225,393826076@qq.com,1155,5,13592256900、13592256900,393826076,393826076@qq.com,七一路武警支队大门东邻,38
212029,22211,小巷花香,20549,南国花卉园艺,2784,5,13692223320、18148506077,,164513841@qq.com,广东省深圳市龙岗区交叉口坳二路25号皇兴爵会所旁边新天幼儿园对面旷野玫瑰花店(深圳市旷野玫瑰设计工作室)深圳市龙岗区横岗街道坳背坳二路25号103,38
302295,311,株洲紫曦花艺,26446,株洲紫曦花园,180,5,15616352905,124617686,124617686@qq.com,芦淞路157号办公楼4号门面,38
303267,22211,爱花居上海市虹梅南路店,27544,HWTANAI,2350,5,15900606644、13472690842,1026892855,1026892855@qq.com,上海市闵行区虹梅南路曹建路216号,38
216455,22211,爱花居自贡市学苑街店,20136,锐毅花艺,2479,5,15892222216、13388332831,1451478557,1451478557@qq.com,学苑街118号学府花园对面,38
333435,22211,广州白云区花之惠鲜花店,23773,广州白云区花之惠鲜花店,2851,5,15986303752,251796691,ww656009@yahoo.cn,广州市广州大道北1239号54栋11号铺位,38
416352,22211,护花使者花艺礼品坊,147334,护花使者佛山店,2834,5,15302815658、15800088694,1801784740,1801784740@qq.com,桂城街道茶基新村25号一楼首层,37
291407,22211,江门文华飞鲜花店,22036,文华飞鲜花店,2760,5,13534777382,771324321,858021232@qq.com,美景街11号(丽宫国际酒店后面美景市场旁）,37
304851,2111,娃娃鱼同城配送,29383,娃娃鱼同城配送,453,5,15880039886、15880039886,277181654,277181654@qq.com,福州市晋安区前横南路153号三木都市田园,37
303752,22211,鸢尾蝶花艺,28092,鸢尾蝶花艺,2965,5,15806410989、13864059395,1475721388,1475721388@qq.com,历下区历山路95号,37
222368,22211,天津紫桔梗花店,22223,杰雅花店,2519,5,15022544602,721164084,杰雅花店,中北镇雷庄花卉永旺路,37
313901,22211,！！！！,43042,深圳美奇花花,877,5,18588590820,2569645079,2569645079@qq.com,福田罗湖区南山区宝安区,37
415346,22211,心语缘鲜花店,145983,天津心语缘鲜花店,2921,5,13622002230,652105065,652105065@qq.com,天津市河北区靖江路镇江里底商,37
258034,22211,中山小榄香百合鲜花坊,2709,香百合花艺,2776,5,13425583810、15819388790,313043103,2410238582@qq.com,广东省中山市小榄镇北秀路2号北区市场D019号铺,37
381047,2221,武汉百花缘花坊,111262,百花缘花坊,2694,5,15815402700、15815402700,676783748,676783748@qq.com,洪山区虎泉街99号,37
437591,22211,深圳市福田区青城花艺店,191287,深圳市福田区青城花艺,2838,5,15361007032、13603073409,213969659,213969659@qq.com,新洲祠堂村154号102铺,37
416899,22211,如意花店,149976,15521326263,2957,5,15521326263、15521326263,565381030,527062797@qq.com,广州市白云区嘉禾,36
422176,22211,花之恋花艺馆,168960,花之恋花艺馆,3039,5,17786045894、18086525455,2426315877,2426315877@qq.com,武汉市江汉区江汉二路148号,36
302498,22211,沈园花艺,26686,theonef,2626,5,13502833220,1181103819,shirry7879@163.com,深圳市福田区振中路玮鹏花园4栋雍怡阁一楼,36
417469,22211,花与爱,145133,清晨阳光,1499,5,18180209656,3431655568,879077897@qq.com,聚福路保利花园三期731号,36
313476,22211,芊卉鲜花,42512,香卉鲜花花艺,2979,5,18373127470,1677873049,1677873049@qq.com,人民中路183号芊卉鲜花批发,36
255316,22211,宜兴市郁金香花行,21615,tyx206,904,5,13771380986、13915369261,415650109,415650109@qq.com,通贞观路110号,36
415642,22211,馨均隆花店,146409,馨均隆花店,1594,5,13600972490,113726430,113726430@qq.com,体育路127号,36
426741,22211,漫花谷鲜花店,178574,义乌漫花谷鲜花店,2913,5,18267066249,1591337743,1591337743@qq.com,义乌稠江街道香山路278号,36
333734,22211,重庆久伴花艺,63527,重庆久伴花艺,2540,5,18702379887、13983792213,568668148,568668148@qq.com,龙山街道松石支路472号,36
330209,22211,常青佳缘鲜花店,59442,佳緣鮮花,2851,5,18717182597、18717182597,276933167,276933167@qq.com,江汉常青武汉江汉常青三路100附5号,36
251231,2111,白银市白银区花语鲜花礼品速递,14326,白银市花之语鲜花礼品,479,5,18309435160、18909431035,1026506431,1026506431@qq.com,甘肃省白银市白银区上海路国芳·国际世贸花园综合写字世贸花园,299
461161,2111,艺诚花艺,223153,温暖的小店,491,5,13325820159,1290295810,1290295810@qq.com,海兴路290号,299
425706,22,露漫花苑,176518,露漫花苑鲜花店,555,5,19849368776、19849368776,1041014679,1041014679@qq.com,南湾街道锦绣山庄C2栋13A,299
420334,22,鹰潭鑫美花卉,38022,鑫美花卉,542,5,15007013968、18370167606,374190604,374190604@qq.com,鹰潭市月湖区五洲花苑-7号楼,299
425006,22,南宁市琳琅花卉饰品店,175155,琳琅花卉饰品店,554,5,13768589611,695272410,695272410@qq.com,南宁市青秀区祥宾路16号高层综合楼一层3号商铺,299
439090,22,鹿花花花艺,194182,luhuahua0336,520,5,15898770336,147688707,147688707@qq.com,银泰城C座710,299
439373,22,佳景花艺,194766,ywb1029,562,5,15012885889,1079268608,ybb16899168@163.com,深圳市宝安区安顺路47号德隆居,299
419677,22,唯美花艺,162743,俊丢丢的静静缭绕,511,5,15132080988,99560908,99560908@qq.com,陵园路与绿化路交叉口东行3米路南,299
421758,22,凤仙花艺,168119,凤仙花艺,526,5,18257999560,2913228543,2913228543@qq.com,永康高新路14幢,299
425359,2111,花生活相约花开,175851,相约花开,535,5,18699441277,819756580,819756580@qq.com,昌吉市中医院旁边,299
300727,22,辽宁昌图燕桥鲜花店,24557,yqxhd7000,488,5,13134107000、15141877333,3321503,3321503@qq.com,辽宁昌图文化路邮局北走60米(原图们江烤肉道东),298
441023,2111,重庆花星球电子商务有限公司,194981,带蝴蝶结的小老虎,494,5,19946952822、15823564104,2665840540,2665840540@qq.com,袁家岗158号3栋16－4,298
206805,22,青岛即墨浪漫鲜花店,14415,即墨浪漫鲜花店,416,5,13963957506,2367396137,2367396137@qq.com,文化路与新兴路交汇处西200米路北,298
267778,22,日照鑫歆花艺,21477,日照鲜花,399,5,13256021919,21301717,21301717@qq.com,石臼海滨二路88号（原石臼老三联对面公交车站处）,298
267803,22,深圳龙岗坪山新区坑梓鲜花店,21760,深圳坑梓鲜花店,226,5,13028802898、13028802339,706731141,706731141@qq.com,惠州市惠阳区大亚湾龙山一路冠华城商业街,298
241960,22,葫芦岛兴城鲜花蛋糕速递,10597,葫芦岛地区鲜花蛋糕免费配送,562,5,13234299888、13942990238,,8590739@qq.com,三角公园,298
462801,22,北京红太郎鲜花店,226848,15810915204,528,5,15810915204,174038178,174038178@qq.com,玉廊西园4号楼1层105-2,298
224516,22,新郑西亚斯朵朵鲜花,14519,345078518@qq.com,565,5,15838393080,345078518,345078518@qq.com,西亚斯国际学院西门,298
443422,2111,固安县固安镇东彬鲜花店,202741,东彬鲜花朵朵店,538,5,15188770812、15010052516,837927059,837927059@qq.com,河北省廊坊市固安县永定路777号郦湖·北岸,298
238686,22,诸城花芬芳鲜花蛋糕店,21106,诸城花芬芳鲜花蛋糕,507,5,15762597678,782909619,诸城花芬芳鲜花蛋糕,密州街道东武街鑫城东武古城沿街,298
197710,221,铜仁花艺居,20443,铜仁花艺居鲜花店,208,5,13765696262、13765696262,948481626,948481626@qq.com,铜仁市清水大道（环北办事处对面）,297
426072,22,花世界,177247,花世界鲜花坊,496,5,18168965818,2290690772,2290690772@qq.com,洛阳西路102号,297
465625,22,萍萍鲜花,231191,萍萍鲜花前程街店,557,5,13842820883,545116808,,红旗东路红旗镇政府前行100米萍萍鲜花,297
439810,22,浪淘沙鲜花坊,195585,浪淘沙鲜花坊,534,5,16643132558、18686488879,1293941614,1293941614@qq.com,菜市南街与柳影路交汇万龙第八城F1栋802,297
288282,22,武汉馨怡鲜花婚庆,10588,金格格,544,5,18627029899,441802581,juzhg@sohu.com,武昌区白沙洲大道武泰闸陆家街293号,297
307753,2111,宁夏石嘴山鲜花阁,34722,宁夏石嘴山鲜花阁,458,5,18095218558,491641635,491641635@qq.com,宁夏石嘴山市大武口区游艺西街330号,297
380976,22,花好月缘,111173,福家家鲜花店,541,5,13810056280,2966788958,13810056280@163.com,北京市西城区新街口西里一区5号楼5-4,297
377150,2111,花之海鲜花坊,107042,15152661915,496,5,15152661915,429417542,,新建北路，省好多北109米,297
220751,22,胶南情之缘花艺,12075,杨璐宁,521,5,15063021777,469150515,luning1777@163.com,石桥路（铁山路与石桥路十字路口南30米）,297
418648,22,蓬江区尚品花店,158225,江门市蓬江区尚品花店,570,5,13822314913,277256740,277256740@qq.com,育德街21号104，育德市场对面,297
310442,22,河南沈丘仙客来花店,39065,河南沈丘仙客来花店,523,5,18239401787、18239401787,,1442291831@qq.com,回民小学对面老君子一城前10米,296
440062,22,杜集阳光花店,196065,濉溪阳光鲜花店,521,5,17305614336,602532417,3302491867@qq.com,安徽省淮北市相山区淮海西路66号淮北市人民医院一中南门对面,296
283140,22,乐清都饰花艺,21582,都饰花艺,465,5,13736376277,2214887005,dushihuayi@126.com,双雁路127-131号,296
301063,22,诚信花店,24952,义乌城信花店,574,5,15988529752,328915831,328915831@qq.com,义乌市诚信二区五街169号,296
438314,22,小八花艺,192928,a24867533,557,5,13486585151,364946862,364946862@qq.com,绍兴市越城区汇源公寓1幢8号营业房,296
310605,22,爱花居滕州市荆河中路店,39285,滕州花语鲜花婚庆,562,5,13506327068、15263228708,155048245,155048245@qq.com,枣庄滕州市荆河中路实验小学西80米路北,296
413073,22,鄠邑区（户县）百缘花艺,143354,18329689615,544,5,18329689615,1346976292,,长虹十字北300米路西,296
286387,22,全记花店,21319,全记花店,573,5,13113349849、13822152126,,939973635@qq.com,立新街13号,296
424663,22,果甜花艺,174147,果甜花艺,448,5,15112854519,656489474,656489474@qq.com,西湖区金源西路一巷23号,296
289568,22,平度市爱娜花艺,14582,平度市爱娜花艺,551,5,13553031731,896582119,ainashishanghuayi@126.com,平度市红旗路238-1号,296
304521,22,敏宝宝花屋,28992,敏宝宝花屋,565,5,13635632520,419165551,419165551@qq.com,敬亭路243号,295
422542,22,花不语花店,169650,花不语花店,537,5,13996213615、13452164938,475892807,475892807@qq.com,重庆市北碚区蔡家岗街道云锦路188号,295
292312,22,台山市幸福花店,18223,台山市幸福花店,492,5,13542132328,172985171,172985171@qq.com,台城健康路13号,295
245092,2111,缙云爱尚花艺,9589,gmyygmyy,442,5,15988004000、15988001661,,396024940@qq.com,缙云县南塘路165号,295
266930,22,怀化市花觅鲜花,21717,ysh79402796,543,5,18075583885,9373820,9373820@qq.com,怀化市榆市路26号花觅鲜花（三角坪恒达酒楼旁）,295
267999,22,雅韵鲜花 雅新花坊,14900,雅新花坊,303,5,13636461058、13917246696,1223015588,1223015588@qq.com,上海市闵行区德宏路2520号雅新花坊(德宏路店)德宏路2520号,295
269029,22,花艺苑,21940,刘国亮,408,5,18038053359,591898910,591898910@qq.com,佛山市顺德区新展路8号容里新村佛山市顺德区容桂镇新有中路80号。,295
425308,2111,春天鲜花阁,175739,春天鲜花阁,518,5,18935012469,458173486,458173486@qq.com,和平路师院综合楼,295
265083,22,郑州紫情花艺,20472,紫情花艺,493,5,13525501922,399245757,399245757@qq.com,商城路紫荆山路向东500米路北紫情鲜花,295
437923,22,爱花居上海市民春路店,191898,芊语鲜花坊,362,5,15900730694、13381629948,,305826275@qq.com,上海市浦东新区民春路399号民春苑民春路399弄8号,295
415713,22,情缘花屋,145935,情缘花屋总店,543,5,15923637765,971066377,971066377@qq.com,重庆市酉阳县和平路中路33号,294
345645,22,馥郁花艺,75538,18012593066,516,5,18012593066、13616191805,1445349244,13616191805@qq.com,黄海58号,294
426405,22,太和县玫瑰佳人花店,177879,太和玫瑰佳人花店,584,5,15056868186、14792637606,1193128967,1193128967@qq.com,文明路红十字医院往东200米,294
247922,22,江苏沛县喜缘鲜花婚庆,17457,江苏沛县喜缘鲜花婚庆,474,5,15952229422、18952229422,46956885,pxwuyan@163.com,汉街东门向南8米,294
271094,22,玫瑰之约,18107,玫瑰之约鲜花婚庆,555,5,18995712328,963075106,963075106@qq.com,陵园路16号,294
417019,22,阳光花艺,150581,阳光花艺part,572,5,15283066144,1136234498,1136234498@qq.com,合江县少岷路老卢巷48号,294
300033,22,万花筒花店,23713,厦门万花筒,451,5,13306042221,2505422411,2505422411@qq.com,和宁路63号,294
439631,2111,心仪花店,194425,13798605158,465,5,13798605158、13266384422,,,东方村尾学校东门向前走50米,294
302938,221,广水市豆豆花艺,25897,sinly1213,108,5,13972989380、15271341311,568593585,568593585@qq.com,应山东观路116号,294
438602,22,高密花之恋鲜花,193390,高密花之恋鲜花,494,5,18264656752,1694893077,1694893077@qq.com,高密市立新街与晏子路交叉口南28米路西,294
300977,22,伯利恒花艺,24845,hope7771314520,498,5,13097422110,289144658,289144658@qq.com,锦华路,293
226237,22,丰岛之花绍兴二店,18840,丰岛之花绍兴二店,492,5,13429451236,1271073955,727192604@qq.com,绍兴县绍兴市柯桥区兴越路1065号裕民小区兴越路1103号,293
302788,22,欣欣花店,27015,欣欣花店,476,5,17709355641、17709355641,3302744861,3302744861@qq.com,海藏路卫生巷19号,293
438048,22,昆明喜洋洋鲜花,192180,西山区喜洋婚庆用品经营部,564,5,18288653717,1076543438,183340559@qq.com,阳光花园旭苑26号商铺,293
243097,2111,江苏仪征非凡鲜花店,18360,fflp888,494,5,18260660020,824064567,csz912@126.com,工农路107号,293
421284,22,花舞人间,167141,花舞人间花艺,561,5,15057102037,,277603204@qq.com,九堡家苑一区1排13号106,293
437853,22,花语轩花艺坊,191769,花语轩花坊呦,390,5,13591489689、17740082361,429210542,429210542@qq.com,南八西路1号6门,293
252602,22,达州市邮政鲜花公司,9375,哥花花,555,5,13908240860,1134409752,1134409752@qq.com,万达路712号,293
444366,22,千朵鲜花,204613,上海万朵鲜花,346,5,13675203377、15252827999,986972531,986972531@qq.com,上海市闵行区颛桥镇都市路口都市路1958号都市生活广场1958弄19号地下室一层02部位A室A34号,293
423383,22,天津市宝坻区北晶花艺,171306,天津市宝坻区鲜花总店,571,5,18622100450、13622038721,94315562,94315562@qq.com,建设路中保楼底商,293
419468,22,玫瑰之缘鲜花坊,162240,蓬安玫瑰之缘鲜花坊,564,5,18048969534、15882686851,2983118078,2983118078@qq.com,四川省南充市蓬安县东风南街29号,292
332737,22,晓妮鲜花,62222,晓妮鲜花,583,5,13821824510,652313867,445255280@qq.com,天津市和平区宝鸡东道花鸟鱼虫市场底商增11,292
418831,2111,古蔺紫馨缘花艺,147168,游正莉,492,5,18113543345、18113543345,172482933,172482933@qq.com,古蔺县莱茵河畔三号楼负一楼10号门市,292
307589,22,爱花居固始县中山大街店,34400,都市鲜花520,517,5,13663762482,1419792259,1419792259@qq.com,爱花居固始县中山大街店,292
315529,22,恒美花艺,44762,13919972076,591,5,13919972076、17789658006,541416305,,兰州市城关区雁滩花鱼市场,292
224463,2111,博罗秘密小花园,22489,惠州秘密小花园,410,5,15815386668,291839007,jiayijohn@163.com,罗阳一路50号相约花艺,292
253149,22,长沙兰亭花坊,22167,1985550549@qq.com,26,5,18670361899、13807315415,1985550549,1985550549@qq.com,长沙市内车站路229号,292
300939,22,佰福花艺生活馆,24798,佰福花艺生活馆,232,5,13618001901、18980643121,934826257,934826257@qq.com,中和老成仁路178号附13（左岸花都远大五期50-01-04商铺）,292
452751,22,娇子花屋,213411,15874006798,594,5,15874006798、13974979082,3041896391,,长沙市芙蓉区留园路8号三湘大市场,292
425388,22,宋芬鲜花店,175904,宋芬鲜花店,583,5,13511900448,776538264,776538264@qq.com,二桥黔春路黔灵公馆116,292
440915,22,独白花艺工作室,197628,独白花艺工作室,449,5,17807565020、15800588540,3113925801,1951127434@qq.com,四平路775号天宝华庭2号楼3楼,291
302479,22,星辰花店,26665,2008qfly,384,5,18914535321,377202539,qinfengliying@foxmail.com,人民中路164-3号,291
426245,22,云上花艺生活馆,177559,云外花艺生活馆,556,5,13867151561、18668121802,330296732,330296732@qq.com,杭州市萧山区风情大道2758号湘湖旅游度假区42-23号,291
310299,22,光耀之炫彩鲜花店,38888,新秀之生态,573,5,13930609642、17332665353,675212932,675212932@qq.com,河北廊坊光耀之炫彩,291
301647,22,泰安麒麟鲜花店,25662,泰安麒麟鲜花店,538,5,13181847977,,1171606628@qq.com,虎山东路1-8号,291
215678,22,德清花甜喜事花店,21447,德清花甜喜事花店,546,5,15157212599,103667149,103667149@qq.com,武康镇贵和街25号,291
416910,22,南国花乡长安店,150054,南国花乡长安店,581,5,15999974421,307062721,307062721@qq.com,湖南省湘潭市湘潭县易俗河镇,291
262811,2111,东营文斌鲜花店,18936,文斌鲜花店,410,5,13054665258,810959042,liudengcun@126.com,东营市东营区.济南路.百货大楼东北角.,291
303837,2111,百分百鲜花坊,28183,贵州瓮安百分百鲜花坊,446,5,15885400180、15285321118,15784405,15784405@qq.com,贵州省黔南州瓮安县新区绿城B区(罗马时代旁),291
426499,22,艾米丽椛禮,178081,艾米丽椛禮,563,5,15500394744,1003892769,1003892769@qq.com,吉林省梅河口市松江路333号（北药市场对过）,291
265374,2111,锡林浩特花店（馨园）,23153,锡林浩特花店,325,5,15647921969,1051893346,1395432726@qq.com,锡林大街东段,290
272788,22,大同艳艳鲜花店,20300,大同艳艳鲜花店,488,5,13934265853,601170487,601170487@qq.com,山西省大同市平城区向阳里街道魏都大道云锦里云波新里-12幢山西省大同市平城区向阳里22号楼艳艳鲜花店,290
310628,22,洛阳木槿花坊,39330,木槿花坊,571,5,13137908791,549263541,549263541@qq.com,西苑路与天津路交叉口向南100米路西,290
212876,22,爱花居秦皇岛市海阳路店,17684,shiruiling0115,500,5,15232311110、15903374687,841913727,841913727@qq.com,海阳路258号新洋洋花卉1楼B区18号,290
281276,22,白山安艺花行,23419,白山安艺花行,511,5,13894001071,51453186,51453186@qq.com,市医院住院部西侧,290
441829,22,春田花花鲜花店,199805,春田花花鲜花店,538,5,18861805601、13921190919,1403685798,1403685798@qq.com,叙康路25-4春田花花,290
425972,2111,花羽阁鲜花婚庆,168700,沫菲花匠之家,522,5,13910382632,547410114,547410114@qq.com,廊坊市三河市燕郊经济技术开发区燕顺路18号中央美术学院(燕郊校区)-教学楼北蔡街36号,290
426774,22,子栖花店,178629,hxr0812,545,5,13217735585,33342810,33342810@qq.com,七星路,290
333591,22,高明区御花园鲜花店13425864860,63342,高明区御花园鲜花店,561,5,13425864860、13702956896,429021195,429021195@qq.com,荷城街道荷香路565号,290
306467,22,爱花居泰安市财源街店,31688,泰安鲜花速递,519,5,13793812605、13793812600,1648629350,1648629350@qq.com,爱花居泰安市泰山区财源街道办事处d23号,290
227800,22,台山爱慕花艺店,17504,袁根秀,547,5,13528383546,274068815,274068815@qq.com,广东省江门市台山市东郊路与园美路交叉口东北50米步步高豪庭台城镇东郊路28号之一101卡,289
313860,22,爱花居长沙县星沙店,42991,湘龙浪漫花屋,551,5,15873189492,29203802,2805168447@qq.com,长沙县星沙湘龙街道中南汽车世界R15栋106号,289
310038,22,来来鲜花店太湖东路分店太湖路鲜花店,38514,fianmiaoxia,575,5,18112767806、18112767806,1394921343,1394921343@qq.com,吴中区太湖东路30弄4号,289
283207,22,辽源大自然花屋,19541,辽源大自然花屋,421,5,18643703313、15943705118,529273545,jllyjwh1234@126.com,人民大街369号,289
424858,22,浪漫花语鲜花店,174849,连昌文,522,5,18286183953,827663493,8276634938@qq.com,贵州省贵阳市小河区长江路234号,289
421811,22,花啦啦鲜花店,168209,花啦啦鲜花店,552,5,18876667009、13707507606,307944329,307944329@qq.com,海口市龙华区迎宾大道18号新城吾悦广场10-119,289
438966,2111,遇见小花,193949,xulangyue,556,5,15875840025、17806790382,307077004,307077004@qq.com,广东省肇庆市端州区南安街龙安一区端州五路南安南街2巷华荣楼10号商铺,289
462787,22,晨曦花坊,226674,晨曦花坊工作室,575,5,16605283798,1170375606,1170375606@qq.com,三井街道大名城75栋乙单元1702,289
384221,22,有情人鲜花水果店,114501,18286086015,563,5,18286086015,274202446,,贵阳云岩区三桥北路57号,289
310625,22,蕊蕊花坊,39323,泉州蕊蕊花坊,582,5,15860506011、15860506011,170830701,170830701@qq.com,泉州丰泽区宝洲花园A区,289
246820,22,洛阳鲜花蛋糕,2368,洛阳鲜花蛋糕,554,5,13838443838,48016102,309561693@qq.com,河南省洛阳市西工区纱厂西路2号银河宾馆(纱厂西路)倾城之恋,288
303172,22,长春晓影鲜花,27448,长春晓影鲜花,517,5,13894119519,1162049752,1162049752@qq.com,吉林省长春市南关区重庆路圈楼花鸟鱼市,288
425822,22,迷迭香花店,176772,迷迭香花店,544,5,17317934520,695014082,695014082@qq.com,上海市松江区松江国际生态商务区淡家浜街188号松江万达广场北100米万科-梦想派淡家浜街32号  迷迭香花店,288
306811,22,云海缘鲜花店,32655,云海缘鲜花店,493,5,18721668425、17717504208,2097831648,2097831648@qq.com,上海市嘉定区城中路城中路219号,288
305939,22,轩轩花卉,30914,轩轩花卉,338,5,15718481276,2598961305,375622514@qq.com,布吉街道西环路2号,288
217221,22,来宾花店情缘有约花店,10995,来宾情缘有约花店,537,5,15678001864,1294383964,1294383964@qq.com,祥和路裕达新天地看K歌王对面（奥斯汀旁）,288
239500,2111,花儿香花艺,20103,花儿香花艺,391,5,15773970778,2576309023,2576309023@qq.com,金龙大道与昭阳大道交叉口,288
303668,22,梦缘花店,28004,小燕子梦缘花店,562,5,15955667105,515500890,515500890@qq.com,青阳路106号,288
302150,22,红玫瑰花屋渝北店,26281,红玫瑰花屋渝北店,482,5,18716450135、13608369485,,wgy13608369485@163.com,重庆市渝北区双龙湖街道龙昌街128号,288
303829,22,新圩花店,28174,新圩花店,535,5,18948590278,1357271197,1357271197com@qq.com,新圩镇新圩花店,288
416542,22,芷蘅花艺,148050,重庆市芷蘅花艺,584,5,15320582185、15320582185,51302525,51302525@qq.com,巴国城大门前行800米右边时代盛宴旁,287
300643,22,富顺米诺亚花艺馆,24449,ashes514,581,5,13890083556、15284849643,1520715398,1520715398@qq.com,四川省自贡市富顺县富世镇釜江大道西段296号,287
214117,22,孝感淘花岛花艺访,12092,kuangyan,527,5,15272814100、13677128605,443081538,443081538@qq.com,书院街30号电力综合楼12号门面,287
302519,22,大熊花艺工作室,24746,泰州紫晶花店,504,5,13615171979、18052609966,3077083435,3077083435@qq.com,海陵区济川东路232号,287
414920,22,甜甜花店,145366,甜甜花店,607,5,13802841099,1512551413,625670354@qq.com,番禺区大龙街沙涌村环沙西路170号,287
465179,2111,大连原色花艺,230335,18348697370,533,5,18348697370,,,中长街加利亚公寓1409,287
443998,22,俏俏花艺,203888,宋雪焕123,573,5,13271075835、13271075835,,1768828095@qq.com,梁园区商丘市睢阳区长江路与中州路交叉口北20文苑小区(中州路),287
426851,22,单色冰淇淋,176490,单色冰淇淋,563,5,15874287189、15874899879,772463977,772463977@qq.com,春城南路89号,287
264589,22,丽水鲜花1989,9911,丽水鲜花1989,569,5,18805882885,471257920,471257920@qq.com,大众新村115号,287
439067,22,小黑粉花艺有限公司,194143,15680994193,523,5,13271929041、18280460932,987867925,987867925@qq.com,西安街道金罗路12号附43号,287
220867,22,武汉勿忘我鲜花,20529,陈早明,481,5,13037156791、15307165832,1378615195,1378615195@qq.com,硚口区古田四路17号1单元1层2号,286
306334,22,济宁木香花艺,31488,济宁木香花艺,586,5,13325193657、13325193657,1901879878,1287639493@qq.com,任城区建设北路97-7号,286
244140,22,江苏泰州兴化市鲜花朵朵,13961,鲜花朵朵123,539,5,15952645300,893001007,893001007@qq.com,九洲城中城6-19号,286
424883,22,兰亭花序,174893,兰亭花序010,472,5,13661125159,2513019020,2513019020@qq.com,长阳镇合景领峰10号院2号楼底商127号,286
314082,22,初夏的花屋,43305,初夏的花屋,596,5,15275410208,69580418,69580418@qq.com,奥体西路万科城C1-1-112保利华庭对过,286
437532,22,北京花好伴花卉有限公司,63268,花锦集鲜花店,511,5,15176781672,2550040185,2550040185@qq.com,北京市昌平区白庙路西沙各庄,286
296751,22,徐州市云龙区青藤阁花坊,21469,徐州市青藤阁花坊,340,5,18751619877、18751619877,1761225617,1761225617@qq.com,复兴南路231号（云兴小学南隔壁）,286
440909,22,遇见花开,195871,flowerstao,582,5,17681893280、17681893280,1241538688,2587056649@qq.com,下城区花卉世界北区106号,286
310422,2111,万源情缘花屋,32634,万源情缘花屋,497,5,13419096392、13882874738,,851959077@qq.com,万源市长青路凯盛名都39号,286
270003,22,幸福花坊,23282,幸福花坊66,557,5,15969901933,843101806,843101806@qq.com,莒县青年北路晨曦家园东门口北边,286
442408,22,石夏鲜花坊,200750,石夏鲜花坊,589,5,13255696929,1150555913,1150555913@qq.com,济南市市中区泉景天沅秀园门头房,285
443186,2111,花漾花店,201208,18761006811,534,5,18761006811,282799092,,淮安市淮安区华西路1号公安大楼,285
442197,22,尚鲜花,200405,13858074624,566,5,13858074624、18094701887,1391644337,,浙江省杭州市上城区延安路296号龙翔大厦长生路24号,285
310888,22,瑞金 海上花,39699,18679979852,528,5,13033273143,115713473,115713473@qq.com,红都大道京里酒店对面(棕南海小区右手进来(海上花),285
364067,22,绿入居花店,93959,13787786395,589,5,13787786395,535903334,,城东小区A18栋（星城社区正对面）,285
301182,22,学院鲜花婚庆,25098,学院鲜花婚庆,473,5,13707304111,4046105,4046105@qq.com,湖南岳阳市学院路525号,285
439484,22,广州番禺区市桥巧的花艺,195027,广州市番禺区市桥紫萝诗鲜花店,23,5,17763056630、17763063081,1185132863,1185132863@qq.com,市桥街道西丽南路61号,285
424170,22,天津市河东区艺尚花艺,173381,天津市河东区艺尚花艺,576,5,13821826622,2450692755,2694028949@qq.com,河东区中山门南里4号,285
230922,22,深圳小白兔花店,22525,yimao1215,542,5,13530050785,790593619,yjy.zhj@163.com,深圳市宝安区首信广场桂兰新村深圳市龙华区观澜街道桂澜中路10号,285
420713,22,东东鲜花店,165763,东莞市石排镇东东鲜花店,581,5,15015188083,1158509283,1158509283@qq.com,利丰广场金丰路117.118号,285
437803,22,花时间大塘店,191651,13302285855,514,5,13302285855,467773089,467773089@qq.com,江海街道聚德北路218-14花时间,284
261183,22,姜堰学士鲜花,19027,姜堰学士鲜花,562,5,13401249412,2422408344,2422408344@qq.com,振兴中路（振兴大桥 桥北30米）,284
437576,22,卡卡花艺,191244,June312,602,5,18757589509、17857133361,564015878,564015878@qq.com,下沙经济开发区高沙路与天城东路交叉口137号,284
303697,22,盘锦玫瑰爱蛋糕,28037,盘锦唯美蛋糕,570,5,13624273275、13942773197,3181800642,13942773197@qq.com,兴隆台区油田锦江之星宾馆对面,284
244073,22,蚌埠花艺空间,18681,蚌埠花艺空间,588,5,13605665916、13605665916,767278805,767278805@qq.com,涂山路120号（南岗四路天洋家电城东50米）,284
422307,22,艾花坊鲜花,111450,cjy鸢飞2017,606,5,13718185488、13718964890,1173861289,1173861289@qq.com,燕平家园14号楼2门,284
465320,22,一馨花店,230622,13382015176,563,5,13382015176,,,南京市鼓楼区金久生活超市,284
332461,22,大花喵花店,61847,徐叔叔的鲜花店,559,5,18017716673、17769889158,1679557246,1679557246@qq.com,西江湾路690号,284
271566,22,哈密花花世界鲜花店,17766,花花世界鲜花,391,5,13999445667,1499153050,1499153050@qq.com,哈密市大十字商业街6一14号,284
251875,22,常德市汉寿县皇家花园鲜花店,15818,皇家花园,545,5,15367360558、13875088060,348569515,348569515@qq.com,龙阳大道新街社区自然资源局宿舍,284
438958,22,银杏树花艺馆,193602,创派花间花艺馆,616,5,17784858832,2319498538,1046019424@qq.com,未来城17-012,283
306201,22,菏泽王冠鲜花,31292,菏泽王冠鲜花,552,5,15552309962,772031593,1255191035@qq.com,西安路与八一路交叉口西20米,283
333912,22,梁平县花世界花行,63762,梁平花世界花行,564,5,15696121328、13896915859,1848605441,978872811@qq.com,重庆市梁平区一横街国税局旁花世界花行,283
417392,22,一花一世界花坊,153042,一花一世界花坊,611,5,13372961567,2389481795,727690483@qq.com,营口市鲅鱼圈区天山市场南5泉韵画廊,283
335500,22,爱尚鲜花婚庆,65393,13131921610,341,5,13131921610,547917502,,八一大街矿务局医院斜对面,283
426172,22,娟娟花铺,177422,石娟花店,480,5,13774255771、17821359886,2551637120,2551637120@qq.com,上海市松江区中山中路长桥街226号二楼,283
305668,22,爱花居遂宁市中心医院店,30550,王者花艺,473,5,15982518066,1479236094,1479236094@qq.com,河东德水北路233号,283
248624,22,钟祥花千谷鲜花坊,14327,nghy01,523,5,13972908010、18772712216,2678039325,2678039325@qq.com,莫愁大道13号,283
277621,22,维维精品花行,12514,维维花行,220,5,13771065773,244462567,244462567@qq.com,学前东路112号朝阳花卉市场6号,283
444302,22,语洁鲜花2店,204474,语洁鲜花店2店,551,5,18111897523、18188501523,158398719,1993707840@qq.com,贵阳市云岩区黔灵公园黔春路1号黔灵山国际社区-D1栋,283
313809,22,情人岛花店,42928,情人岛鲜花花店,599,5,15324399583,1556902977,1126882429@qq.com,报社街与人民路交叉口北行200米,282
301623,22,江阴鲜花实体店,25628,AA2629392903,594,5,15952481537,,2629382903@qq.com,文化西路43号,282
437098,22,爱丽丝鲜花坊（彩冬花店）,189531,爱丽丝（彩冬花坊）,610,5,13007436405、15675851146,,691238491@qq.com,泉塘花卉市场,282
464574,22,花心思花卉苗木店,229126,花心思鲜花苗木店,594,5,18996093760、18996093760,447128604,447128604@qq.com,沙坪坝区大学城中路5号附59号,282
418254,22,兰景鲜花店,157567,守望者,589,5,18518950752,1812433435,1812433435@qq.com,万泉河路62号院3号楼5门负001,282
354525,22,醉花舍,84417,15960566353,634,5,15960566353,659817779,,妙云街16-1号(东美菜市场3号门对面),282
306473,22,月下花店,31704,月下花店,583,5,18697531009,2755483754,2755483754@qq.com,商贸西门锦福大酒店南侧北京名都一楼商铺,282
341616,22,Three Seven 摄影鲜花,71509,13104515693,429,5,13104515693,974497339,,六顺街33号,282
439832,22,馥郁花艺工作室,195626,我是个小可爱,561,5,18021989971、13775162520,2769557109,2769557106@qq.com,江苏省常州市金坛区红旺超市对面,282
437410,22,月色蔷薇花艺,190926,月色蔷薇花艺,554,5,15908362005、18715735237,1126965878,9195545354@qq.com,四川省泸市市江阳区江阳中路45号,282
303191,22,长汀县天缘花艺店,27465,福建长汀县天缘花艺店,552,5,13685968835,403938435,403938435@qq.com,长汀县环城中路13号店,281
461982,22,佛山鹿缘艺花坊,225131,13302425937,557,5,13302425937、13302425937,3270813641,,南海区广东省佛山市叠窖大道叠北村委会村头旁叠滘第二小学叠北村头村339号鹿缘艺花坊,281
283308,22,凡艺鲜花店,23334,凡艺鲜花店,628,5,18560606760,1628387396,284435907@qq.com,向阳路2-1号,281
204401,22,花言巧语鲜花店,16386,花言巧语鲜花店,546,5,13791860006,787642307,787642307@qq.com,永安路中医院南路东,281
418423,22,有间花店19975255889,157996,有间花店19975255889,577,5,18158195028、18158195028,2105460534,1250045161@qq.com,杭州市江干区京惠花园,281
287103,22,粉色回亿鲜花批发坊,22451,粉色回亿鲜花批发,493,5,13358588816,344040701,344040701@qq.com,石狮市九二路东段25号,281
441243,22,滁州市艺佳花店,198454,滁州市艺佳花店,589,5,15155010090、18075250210,84502248,84502248@qq.com,湖心路174-6号,281
440743,22,欢囍花坊,197319,天津欢囍花坊,588,5,17695432168,376650607,376650607@qq.com,惠山道雅香大厦3-101,281
442589,22,临沂花禧花艺,199932,子珍1990,580,5,15910156568、18660905808,996919168,847376000@qq.com,商城路与启阳路交汇向西100米路北,281
418938,22,情意浓花店,160161,情意浓花店,584,5,13706657967,1159845479,1159845479@qq.com,龙湾区永中东路14号,281
422720,22,四会市好人缘鲜花店,169965,四会市东城区好人缘鲜花店,554,5,18718362551,1010470086,1010470086@qq.com,大旺高新区,280
308334,22,怀柔鲜花批发,35716,xct0222,605,5,13264267000,181947607,181947607@qq.com,新贤家园东门,280
461696,2111,一术花坊,224473,海口一术花坊,489,5,18976943438,3067224522,3067224522@qq.com,海口市美兰区海秀东路66号国宾大厦,280
423054,22,壹间花坊天山店,149355,蔚森,607,5,15216672421,2634250716,3174567@qq.com,徐灵路80号,280
309459,22,普薇园艺花艺馆,37724,普薇园艺花艺馆,593,5,13761858542,859878260,859878260@qq.com,番禺路650弄4号,280
303963,22,花仙子,28341,Cyjxd花仙子,593,5,18086325588,1186177681,1186177681@qq.com,湖北黄石阳新电信对面老夜市,280
279665,22,花点心思@,19997,花点心思,559,5,15392390059,31738971,花点心思,民主北路环卫楼1号,280
297602,22,flowerseller,20167,情缘花坊,16,5,13652526783、15107621425,63483720,63483720@qq.com,老隆镇龙川大道七天酒店一楼,280
415756,22,爱花居广州市天河店,146549,广州岭南花木场,508,5,13802993858,369928281,369928281@qq.com,广州市天河区沙东甘园农贸综合市场1号102档,280
245034,22,馨朵朵仙花坊,18710,仙花坊,609,5,13627546056、13637548898,714762971,bailing714762971@qq.com,秀英海秀西路191号,280
332226,22,美吉鲜花,61505,美吉鲜花,641,5,15850726512、15895855958,1528857895,21212121@qq.com,大厂（沿江工业开发区）草芳新苑13幢104室,279
415803,22,秀景雅花店,146617,广州秀景雅,594,5,17322082033,1269669229,1518550992@qq.com,体育西横街213号,279
420473,22,佳佳花店,165196,九江佳佳花店,566,5,13807925085、13479293126,826983849,826983849@qq.com,御江一品门面,279
326773,22,园景花卉,56006,园景花卉,556,5,13335550103,13478359,13478359@qq.com,当涂县行春路时代华府西门,279
442998,22,七号花坊,201827,勿忘初心wy,347,5,18428335694、18428335694,1449931942,1449931942@qq.com,洗面桥东二街5号2栋附7号,279
211899,221,廊坊花艺阁,19079,廊坊花艺阁,290,5,13722627117,1319259472,1319259472@qq.com,新华路北头凯旋大道内街,279
420168,22,进口鲜花,110891,花痴坊,600,5,15568398331,309720885,309720885,川沙镇南桥路999号,279
441517,22,济南历下散花鲜花店,198920,济南散花鲜花店,600,5,15668396656、15153131252,1532808666,1043675367@qq.com,济南市历下区济南解放桥花卉水族钓具市场1号门最后一家,279
416475,22,花说生活馆,147672,花说生活馆,593,5,13585088522、13585088522,1302015994,www.757068561@qq.com,八士华夏青城142号,279
438814,22,上海花好月圆花店,193714,Yy414622203,210,5,18655052502、15555477713,1147266568,1147266568@qq.com,上海青浦区徐泾镇陆家角馨苑东区乐爱路38弄46号,279
302754,22,花道行花艺,26972,花道花艺,586,5,18757162558,634119834,634119834@qq.com,北干街道金惠路896号,278
311211,22,深圳天天鲜花店,36773,全国连锁花店,628,5,13823367587,261616382,499699622@qq.com,流塘市场,278
259612,22,花茶密语,11035,小c恋恋,539,5,13418409269、18925900936,595114761,andmy519@sohu.com,北滘镇碧江村心大街西6号,278
416548,22,李宝利123456,148063,李宝利123456,621,5,18753538006、13645354208,1812660256,1812660256@qq.com,芝罘区芝罘区南通路46号,278
426442,22,长安香思鲜花店,177962,东莞香思鲜花店,595,5,15017147787,3467833818,3467833818@qq.com,宵边社区下洋小区建设路34号,278
423435,22,玉林春满人间花艺+蛋糕,171398,蒋新军,610,5,13877577549、15578576688,2416307554,2416307554@qq.com,玉林市南江乡新联村桥头队,278
420664,22,花语轩鲜花店,160019,安徽花语轩鲜花店,628,5,15665380672,821117185,821117185@qq.com,道东办事处道东大街0165号,278
334399,22,水中花鲜花店,64292,18630856058,614,5,18630856058,2462003394,,天津市西青区张家窝镇101灵泉南里张家窝辛老路29号底商,278
305987,22,拾木生花花店,30975,拾木生花,510,5,13775357444,306038052,306038052@qq.com,黄山南路润州花园2期门口,278
302017,221,小情歌花艺,26123,成都小情歌花艺,131,5,18402858230,1442404000,1442404000@qq.com,琉璃厂,278
222701,22,台州天台心意花坊鲜花批发部,21269,天台心意花坊,437,5,18858677520,524475162,524475162@qq.com,天台飞霞路17号,277
438046,22,御花园花艺,192176,您专属的花店,544,5,18256597018,394399536,394399536@qq.com,亚父街道向阳路城市风景小区11号楼11-5号铺御花园花艺,277
306731,2211,百花园花艺坊,32431,香花园花艺经营部,84,5,15377599095,380766344,zhaochen198@126.com,雄楚大街268号图书外围商铺42号,277
380231,22,聚缘花艺,110158,王志平,603,5,18606220703,758620428,758620428@qq.com,惠阳路22号,277
270236,22,荆州黄英花店,19614,荆州黄英花店,506,5,13100799811,348189653,cailei8@126.com,园林路15号,277
461475,22,米多鲜花饮品工作室,223946,米多鲜花饮品工作室,596,5,18124744455,44562242,44562242@qq.com,广东省深圳市福田区福荣路98号碧海红树园-6栋6栋3楼D,277
374452,22,花之缘,104344,13891653959,522,5,13891653959,3144262490,,前进路中段电信大楼向东100米路北（路灯管理处旁）,277
374212,22,清新花卉,104104,13772764721,563,5,13772764721、15091238581,740459666,,延安街与紫金路交叉口西30米路北,277
381018,22,黄江慧群花店,111229,慧群花店,610,5,13528581236,876350511,876350511@qq.com,黄江镇中兴路22号,277
460644,22,中山区Fora more花知集,192489,yiminglei88,16,5,17615133366、15542442468,416792777,2825341827@qq.com,大连市中山区中山人民路24号平安大厦安乐街11号花之集,277
240109,22,温馨连锁花店,17233,东莞温馨花店,537,5,13192481912、13192481912,919832002,747061930@qq.com,惠州博罗县:园洲镇，石湾镇，长宁镇，福田镇，九潭镇，龙溪镇，罗阳镇，湖镇镇，东莞市：企石镇，石排镇，石龙镇，茶山镇，横沥镇，石碣镇。,276
415659,22,钦州花缘鲜花坊,62221,15768308062,608,5,18177777673、17707776619,592828296,592828296@qq.com,南珠西大街高岒郑屋村1号,276
353485,22,米兰花尚花店,83377,15985897177,612,5,15985897177、18030163015,466416272,,凤祥五里132号之12号厦航高郡（环城西路厦门银行后面）,276
308434,22,新新百合花店,31281,百合花开,550,5,15658803579、13291812515,524648046,524648046@qq.com,九堡九环路63号,276
461133,22,厦门燊艺花店,223117,厦门燊艺花店,571,5,15160000329、13860458548,469606727,469606727@qq.com,体育路125之3,276
464663,22,智然花坊,229298,13533957363,522,5,13533957363,710246783,,银利街97号103铺,276
309281,22,爱花居天水市瀛池路店,37416,天使浪漫鲜花,589,5,15095697124,1344287489,1344287489@qq.com,甘肃省天水市秦州区瀛池路224号,276
425064,22,米多花坊,175269,林溪家的花店,599,5,18683211704、15708327810,750970197,750970197@qq.com,大千路邦泰国际公馆,276
332703,22,吉鑫鲜花绿植园林,61568,宫先生,505,5,15652772769、15652772769,717754670,717754670@qq.com,东北旺路金地花卉大观园,276
422604,22,牵伊手花艺美学馆,155693,御花花艺,625,5,15291311562,2645598871,623768530@qq.com,解放路神火宾馆对面牵伊手花艺美学馆,276
246052,22,顺德洋洋花艺,20832,顺德洋洋花艺,390,5,18665435965,2405083069,463012513@qq.com,龙江龙峰大道48号对面,275
418187,22,刘静花店,157284,刘静花店,629,5,17358569228,2505615262,1824374393@qq.com,新都公园路21号,275
200155,22,平顶山明珠花店,22482,平顶山明珠花店,155,5,17337537006、17337537006,741715615,741715615@qq.com,平顶山市卫东区建设路152医院西100米,275
205403,22,沧州花心语鲜花店,21718,花心语鲜花店,380,5,15233783195,1076247572,1076247572@qq.com,浮阳南大道万润绿景园13号楼115铺,275
197994,22,平潭爱尚花坊,18321,平潭爱尚花坊,511,5,13023836069,2573096147,liy1989520@126.com,溪南173号,275
310645,22,爱花居肥西县新华街店,39359,婷美花艺生活馆,580,5,13956921131,1746769913,1746769913@qq.com,上派镇新华街,275
439436,22,松岗LINLIN吉祥鲜花,179491,18154385505,616,5,18154385505、18154385505,3398535785,2639415157@qq.com,广东省深圳市宝安区松岗街道松涛社区爱国五街7号B101,275
264077,22,哈尔滨扶郎鲜花店,12114,爱花店,617,5,13304818449、18103636670,124167396,gxr1125@163.com,哈尔滨市道外区靖宇街道南十四道街288号阿拉伯广场,275
465303,2111,芯晨鲜花店,230589,芯晨鲜花店,485,5,15016038976,1048334302,1048334302@qq.com,惠州市惠城区水口街道办事处人民路32号,275
243682,22,蜂花恋花店,20372,蜂花恋花店,496,5,13630018601,1392034513,1392034513@qq.com,大良镇华盖路18号（华盖市场旁）,275
380689,22,番禺花语盟花坊,110723,番禺花语盟花坊,634,5,15997918491、15797178967,359727107,359727107@qq.com,石碁镇官涌村姚大街一巷12号,274
310717,22,爱花居赣州市站东大道店,39343,花雨亭,605,5,13766315874、13766315874,,864312033@qq.com,江西省赣州市章贡区沙河镇站东大道50号，花雨亭,274
440854,22,杭州苔米花铺,197516,杭州苔米花铺,556,5,13868088641、18969906285,460439566,460439566@qq.com,杭州市余杭区良渚街道西田城二期花坊A06,274
440740,22,花韵浓花店,197313,花韵浓花店a,598,5,13869140229、18653138562,458236483,458236483@qq.com,历山路95号,274
301003,22,玫瑰花屋店,24879,智莲花缘,441,5,18024103662、13929183646,1193616671,1193616671@qq.com,广东省佛山市顺德区河北六路7号杏坛中心市场,274
332575,22,梵艺花店,62001,梵艺花店,604,5,13695858725、13695858725,229222838,229222838@qq.com,永中街道永中东路22号（万达，滨海园区）,274
289611,22,云南楚雄香飘飘花屋,11111,楚雄香飘飘花屋,477,5,18760839889、13638748231,544151049,544151049@pp.com,楚雄市开发区龙江路248号电信宾馆对面,274
307045,22,碧花艺,33180,碧花艺鲜花店,605,5,17828281816、15884878507,1096050090,1096050090@qq.com,石油路二段122号,274
381172,22,创叶花艺（龙河路店）,111431,创叶花艺,609,5,13665540817、13665540817,164299230,164299230@qq.com,六安市龙河路与磨子潭路交叉口东南方20米创叶花艺,274
300830,22,陵水花艺空间,24673,陵水花艺空间,427,5,13389899355,1696661451,13389899355@163.COM,文化路168,274
425053,22,水中花,175253,Shu水中花,600,5,13037528195、13777931173,156077460,156077460@qq.com,商丘市夏邑县县府西路北50米夏邑县商业局,273
438917,22,鑫辉鲜花,193870,17707467554,608,5,17707467554、18307469200,147257051,147257051@qq.com,湖南省永州市冷水滩区沿江西路53号,273
301998,22,厦门绿空间花店,26098,厦门绿空间花店,390,5,13859954384、18950051912,181443990,181443990@qq.com,金山西路28号,273
439581,22,青藤阁,195190,淮北青藤阁花艺,589,5,17356141062、18356158714,848167652,1696776618@qq.com,淮北市相山区曲阳街道濉溪路小学对面,273
333384,22,爱花居重庆市巴县大道店,63039,13883331767,589,5,13368121555、13399814111,136674994,136674994@qq.com,重庆市渝中区大溪沟街73号聚金大厦负一楼聚金花市13号门市渝中区云花汇花店(大溪沟聚金花市店),273
333572,22,阳光花艺,63315,yangguanghuayi,583,5,18059824699,1113198572,113198572@qq.com,祥平街道西桥路67-69号,273
438573,22,生活秀花艺店,190832,猪猪生活秀花艺店,627,5,15580828398、15580828298,1735155948,1735155948@qq.com,长沙市岳麓区麓谷麓松路东塘南丰港安置小区8栋猪猪生活秀花艺店(麓松路店),273
324465,22,新乡孔雀派花店,53698,孔雀派花店,585,5,18637382299,312814288,312814288@qq.com,人民中路东方国际孔雀派花店,273
279692,22,上海花网鲜花,16097,flowernet,601,5,13701906224,609402702,609402702@qq.com,大渡河路1516弄2号,273
304348,2211,满天星鲜花庆典,28785,沈阳满天星鲜花庆典,67,5,15140208240,653401099,653401099@qq.com,长江北街7号 北行附近 沙河子小区,273
422314,22,遇见花开,169245,Shanshan052299,600,5,18070264650,736418059,736418059@qq.com,营角上路21-24号,272
332262,22,铜梁爱之约花店,61566,芙蓉花店铜梁店,621,5,15520028889、15330337614,260249182,260249182@qq.com,巴川街道办事处营房街36号,272
438648,22,忆蓬鲜花坊,193431,蓝色大海的传说,529,5,15273931352,1185485328,1185485328@qq.com,中信文化广场雅居商铺1-143号,272
426550,22,五洲花宴,178198,五洲花宴,497,5,13307734777、18907834778,,864018091@qq.com,桂林市漓江路17号味道制造旁上坡50米,272
464960,22,南京江宁区蔚之然花艺,229906,南京江宁区蔚之然花艺,610,5,13814126028、15952036885,343582476,,江宁区文靖路612号,272
214875,22,幸福花开三门峡静美花艺,16542,静美花艺,606,5,13939840607、13103985698,1791768336,1791768336@qq.com,黄河路与陕州路交叉口西50米路北公交车站台静美花艺,272
426369,22,周末花铺,177806,Jessica521,554,5,15376416661,252160183,252160183@qq.com,恒大滨河左岸,272
390796,22,爱的箴言鲜花店,121076,爱的箴言,594,5,13767750890、13767750890,453889192,453889192@qq.com,杨公路1_60号金樽花园门口,272
327585,22,平桥花坊婚庆,56818,13093880121,609,5,13093880121,1145789759,,台州市椒江区葭芷街道平桥村平桥小吃街往西走100米平桥花坊（本店面朝市府大道，与鑫艺宾馆同栋楼）,272
191724,22,尚花坊花店,23627,尚花坊,601,5,18976776816,617309992,617309992@qq.com,海口市龙华区金贸中路梦苑别墅五栋一楼铺面,272
302947,22,玉溪花语鲜花店,27201,玉溪木兰鲜花,594,5,13577772717、13187747156,1040968266,1040968266@qq.com,东风南路5号,271
308241,22,浪巴黎花房,35591,随缘花房,535,5,15901380127,3348532585,3348532585@qq.com,建外SOHO东区5号楼,271
245050,22,粤广鲜花蛋糕店,9316,陶香花店,604,5,13242829739,525958818,525958818@QQ.com,永泰新村永康南二巷一号,271
423296,22,芊色花草堂,171122,芊色花草堂,623,5,13682299012、13710578660,,358499459@qq.com,广州市番禺区工业北路13号建新线厂南沙区大岗镇工业北路15号首层,271
419292,22,百合花店,161732,百合花店新建县,558,5,15179113973,991910093,991910093@qq.com,新建区长征西路百合花店,271
278002,2211,兰雅花坊,8131,衡东兰雅花坊,192,5,15173499868、15211818110,568673880,568673880@qq.com,新塘镇龙形路9号,271
304455,22,花样人生鲜花店,28908,紫香阁鲜花,482,5,15092417266、15092417266,534734692,534734692@qq.com,闽江路135号花样人生鲜花店,271
322138,22,德园花店,51371,feng1211,620,5,15270035523、15179117114,354742641,354742641@qq.com,南昌东湖区广场东路148号,271
305506,22,平顶山市心语花店,30326,心语花店000,538,5,15893493008,545129048,545129048@qq.com,平顶山市卫东区建设中段,271
311172,22,快乐花坊鲜花速递,39134,周彩云,609,5,13001074678,1764921851,1764921851@qq.com,房山区,271
384598,22,花语时光花艺馆,114878,18685702081,626,5,18685702081,447536415,,金井路军分区加油站对面,270
236443,2211,张家界慈利花之语,15723,张家界慈利花之语,184,5,15074405577,379756958,379756958@qq.com,笔架路中医院旁（武装部对面）,270
436893,22,青枫鲜花(娄葑店),189263,15995793860,593,5,15995793860、15995793860,1372194359,,苏州市吴中区娄葑街道葑谊街73号法制主题公园葑谊新村53幢113室,270
197368,22,江门源岭花店,22183,654184124@qq.com,559,5,18948068338,654184124,654184124@qq.com,帝临路2号103-104,270
306208,22,雅安鲜花,31301,雅安鲜花,614,5,13981612761,1173959021,1173959021@qq.com,雅安市雨城区桃花巷1号,270
437547,22,锦花绣草鲜花坊,191192,毛毛雨鹪鹩一枝,542,5,18622973512、18622386663,398915000,398915000@qq.com,双港新家园香堤广场,270
303762,22,彭泽千日红花卉,28102,千日红花卉,525,5,18970233966,1037947085,1037947085@qq.com,九江市彭泽县龙城大道1129号附近千日红花卉盆景园朝阳厂内,270
333751,22,鹰潭摩束鲜花,63547,摩束鲜花（鹰潭店）,651,5,13426660615,244520400,244520400@qq.com,胜利东路61号13号店面,270
418788,22,缘梦花艺,159071,A缘梦花艺,624,5,15950764868,302737588,302737588@qq.com,上海市浦东新区长岛路1280弄1～78号金桥湾清水苑台儿庄路465号,270
418836,22,魔发堂,159336,么发堂花艺,657,5,13432151534,854038197,854038197@qq.com,广东省中山市火炬开发区张家边商业街A1-20卡,270
310622,22,喜相逢鲜花坊,39317,喜相逢鲜花坊789,623,5,18265216883、13863276883,982325983,982325983@qq.com,枣庄市滕州市府前路与河滨路交叉口西150米府前东社区龙泉广场对面路南供电局宿舍门东15号门头,269
353217,22,时光花巷,63422,果儿果儿,639,5,13325120709,867455958,867455958@qq.com,山东省济南市历下区新泺大街1768号齐鲁软件园大厦,269
313559,22,金菊兰花店,42604,四川省南部县新世纪广场59号金菊兰花市,611,5,13890887158,1178120837,1178120837@qq.com,新世纪广场59号,269
300452,22,栖霞市金苹果鲜花店,24220,会跳舞的蛋糕,608,5,13573509053,1150311907,1150311907@qq.com,栖霞市金岭路32号,269
416747,22,永川区勿忘我花艺,148970,勿忘我花艺永川,616,5,15823025211、13617612944,,779827634@qq.com,萱花西路437-19,269
305917,22,玫瑰缘花艺馆,30886,玫瑰花园,550,5,13367087136,2486109536,2486109536@qq.com,瑶湖长胜大市场A区,269
233491,22,中山市成林广告服务中心,16638,中山千叶红鲜花店,598,5,15362127618、17336188610,171492266,171492266@qq.com,中山市市辖区中山市孙文东路160,269
309879,22,爱花居青岛市市南区店,38313,小伟花艺,610,5,15725228345,766320887,766320887@qq.com,洪泽湖路3号,269
426958,22,豌豆弗·花艺,178979,Hers花匠,424,5,13552196924,916605364,916605364@qq.com,北京市昌平区柴禾市大街44号红都公寓,269
210772,2211,吉林市船营区心相印鲜花,16661,吉林市心相印鲜花,169,5,15844211881,369689879,16939176@qq.com,光华路110-18号市委党校西对面,269
426617,22,爱花居池州市东湖中路店,178316,意中人花店街,580,5,18756609729,1072721562,1072721562@qq.com,东湖中路小小路龙虾店隔壁,268
197294,22,无锡嘉盈花艺,21232,无锡嘉盈花艺,615,5,15106178835、15106178835,848823379,wangmin66@vip.qq.com,向阳路南下塘花卉市场9号,268
306374,22,曲江心怡花店,31551,赖回连,610,5,15219833561,65635257,65635257@qq.com,韶关市曲江区中华一路13号,268
267481,22,金禾花艺馆,12996,金禾花卉,583,5,13633979816、17630996616,1015168575,1015168575@qq.com,谯楼街红绿灯东,268
283453,22,阿杰花店,20510,池小杰,608,5,15246948688、15246948688,655037,hao366200@sina.cn,市辖区海南省三亚市天涯区解放四路回新村(靠近三亚湾)三亚海之云酒店回新村一家公寓,268
230306,22,爱尚鲜花总汇,9828,aishangxianhua,603,5,13944764799、13944382332,,1607525552@qq.com,新华街51号高丽大厦西侧胡同里道西,268
219860,22,益阳花香谷,22058,益阳花香谷,483,5,13873710467,77789189,77789189@qq.com,益阳市赫山区秀峰中路益秀园-东区北五栋一单元,268
219626,22,固原爱尚花艺鲜花店,15324,固原爱尚花艺,478,5,18295341180、18295341180,1529810074,1529810074@qq.com,大南寺巷向内200米民族小区楼下,268
308223,22,上海绿萝花艺,35565,上海绿萝花艺,15,5,13022189202、13585821268,117499904,117499904@qq.com,上海市宝山区沙浦路518号,268
443413,22,唯爱花艺,202727,唯爱花艺普君店,548,5,18676594876、13928559489,1158620987,18823247144@qq.com,佛山市禅城区普君东路1号东建普君新城,268
301264,2211,欣悦鲜花花艺中心,25193,欣悦鲜花花艺中心,81,5,13853947677,2431371258,2431371258@qq.com,银雀山路168号,267
309485,22,黑桃A花艺,37758,黑桃A花艺,637,5,13792652813,523532469,1028538571@qq.com,泰华城789淘宝城南门西侧,267
421388,22,嵊州市怡人花艺行,167324,嵊州怡人花艺行,647,5,13605855505,929774294,929774294@qq.com,嵊州市四海路1-3号,267
307750,22,北京通州妙慧园林花卉有限公司,34712,北京妙慧园林花卉有限公司,598,5,13810124351,920207637,920207637@qq.com,北京市通州区宋庄镇,267
222867,22,连州花店,15017,怡人居,533,5,15817153040、15811739868,1079633933,2499347861@qq.com,广州市荔湾区坦尾南三巷与高低塘工业区路交叉口东南50米K1韩帝,267
311233,22,花艺轩花艺,40170,花艺轩花艺,612,5,15899166806,596783273,596783273@qq.com,新疆维吾尔自治区乌鲁木齐市新市区宣仁墩南街一巷新联农副产品综合市场,267
301266,22,沧州馨蕊鲜花,25195,沧州馨蕊鲜花,499,5,13831772126,20334146,63153077@qq.com,人民公园西门口对面浮阳大道28号,267
305892,22,北京市顺义区茉莉花香店,30845,茉莉花香店,516,5,13521084856,572718984,572718984@qq.com,顺义区义宾北区,267
238167,22,永城市玫瑰湾鲜花店,17817,永城市玫瑰湾鲜花店,573,5,18623854345、18623854345,627195188,627195188@qq.com,商丘市永城市开源路1号义乌商贸城,267
250727,22,杨凌花之韵鲜花蛋糕店,9402,18991291581,582,5,18991291581、18991291581,1781321106,MY_DJC@126.COM,杨凌区西农路水保所北边，西农大对面,267
260073,22,阳江温馨花店,9777,阳江温馨花店,601,5,15218181069,2029117390,阳江温馨花店,三环路29号一楼,266
304130,22,恋伊鲜花坊,28522,平度唯美鲜花,595,5,13335083101,409431365,409431365@qq.com,山东省青岛平度市红旗路234号唯美鲜花,266
310535,22,天宝鲜花店,39192,蔡cai,594,5,15202985815,609141048,609141048@qq.com,碑林区西安市太乙路255号世界之窗科技创意产业园太乙路天宝鲜花店,266
440659,22,太原花艺鲜花,197165,太原花艺鲜花,567,5,18103420927、13834682381,2603514482,2603514482@qq.com,太原市小店区王村大院鲜花茶叶批发市场东排2号商铺,266
261470,22,新密都市花园花店,18952,新密都市花园,437,5,15936216920,840466864,840466864@qq.com,新密第一人民医院向西200米红绿灯向北5米,266
306833,22,庄河晶晶花艺,32710,庄河晶晶花艺,629,5,18840976567、15841113457,1006129804,1006129804@qq.com,城关街道海云天二期东门,266
440750,22,景木花艺,193882,遵义花之坊花店,648,5,18184227573、18311647857,,2025274748@qq.com,贵州省遵义市杭州路9号楼1层176号门面,266
418992,22,花语花店,160400,于正国,624,5,13913366403,935817535,935817535@qq.com,溧水区永阳街道后巷3号106室,266
313769,22,利客来鲜花馆,22779,花乡,654,5,13260094312,1090752480,,北京市昌平区天通苑25号楼,266
426688,22,广饶筱雨花艺,178472,筱雨花艺,640,5,13963397770,2274969606,2274969606@qq.com,兵圣路188号,266
309563,22,爱花居中山市南安路店,37871,18813722360,572,5,18813722360、18938799028,1587702880,1587702880@qq.com,南安路18号,265
311100,22,花添喜事鲜花蛋糕,40006,18981660367,640,5,15282727205,1577148289,1577148289@qq.com,红军路43号（三号桥工商银行旁）,265
465250,2111,花间密码,230484,18277103677,586,5,18277103677、15277072002,,,青秀路16号联盟新城小区东面商铺,265
309457,22,兰景丽园鲜花,37722,独秀花屋,590,5,13521629644,1115007900,qq@qq.com,丰台区草桥花卉国际文化城,265
266822,22,湖南浏阳花之缘,16392,浏阳花之缘,527,5,13548550088,89584366,89584366@qq.com,金沙北路94号《花之缘》,265
245149,22,星星花艺空间,20374,星星花艺空间,655,5,13867562170,626578666,626578666@qq.com,明珠路滨河花园,265
423081,22,海口慕韵花艺设计花店,170709,海口慕韵花艺设计花店,630,5,13700401881,515181934,515181934@qq.com,海口市五指山路省建材小区14号慕韵花艺,265
306371,22,夏日蔷薇花店,31547,夏日蔷薇花店,554,5,18911718863,3416475115,3416475115@qq.com,建国门外大街乙24号赛特广场对面,265
471250,2111,花儿绽放,240494,花儿朵朵绽放,241,5,18500385882,,,成都市金牛区马鞍东路马鞍东路-20栋54号3楼,265
208348,22,昆山情人结花卉,8034,昆山情人结花卉,531,5,13773175110,602765837,602765837@qq.com,北门路336-1号,265
228665,22,铁岭天天鲜花店,18832,铁岭天天鲜花店,561,5,13700107015、18340110511,1045812398,1045812398@qq.com,柴河街阳光园六区三期7号楼7号门市,264
246855,22,恩平千姿鲜花店,18850,qz7738238,496,5,13902558162、13902558162,1225032203,1225032203@qq.com,鳌峰路一巷十五号,264
308608,22,幸福派花艺,36231,幸福派花艺,540,5,15952635655、15161071622,672187073,672187073@qq.com,人民北路56号,264
422667,22,贵阳花溪花艺蛋糕,169859,花艺蛋糕,622,5,13985134235,479033938,479033938@qq.com,花溪区清溪路徐家冲路口81号,264
307237,22,黄骅红玫瑰鲜花,33162,黄骅红玫瑰鲜花店,611,5,13031890516、18633735288,742780655,742780655@qq.com,黄骅市新华路10号清利通讯东20米,264
422473,22,云锦鲜花,168161,云锦鲜花,655,5,18920264370,267347107,267347107@qq.com,南开区咸阳路与嘉陵道交口底商,264
465244,22,小敏花艺,230473,小敏花店花艺,619,5,18875521211,,,大堡底路169号,264
242829,22,丹江口别样花店,17547,别样花店,600,5,15997819575,124594364,124594364@qq.com,沙陀营路21—5,264
442114,22,沁香鲜花,200265,15994923443,597,5,15994923443,,,新兴路25号112铺（沁香鲜花）,264
322580,22,衡阳市花花世界,51813,衡阳市花花世界,632,5,15773489259,245603345,245603345@qq.com,衡阳市南华大学南门附近,264
311243,22,临潼遇见花艺,36137,千纸鹤花苑苑,640,5,15319909977,945168298,945168298@qq.com,临潼区东大街18号遇见花艺,263
444110,22,长安区芸槿鲜花店,204146,18132112003,619,5,18132112003,1131440943,,河北省石家庄市长安区谈固金谈固瑞城花园E区(跃进路南)谈固国瑞城小区-E区北宋北路金山街交口东北角,263
300763,22,好日子花店,24578,好日子花店,643,5,13715986229、15992219688,630559921,630559921@qq.com,莲上镇涂城好日子花店,263
300316,22,榆树市雨露鲜花店,24062,榆树市雨露鲜花店,511,5,13331586022、18243140066,512160687,512160687@qq.com,南洋国际商业中心后门,263
293414,22,阳逻东方鲜花店,20960,阳逻东方鲜花店,582,5,18971281056、15377572866,735196510,735196510@QQ.COM,阳逻镇阳光大道177号,263
466183,22,桐乡市梧桐初恋鲜花店,232277,初恋花坊鲜花店,638,5,18705830259,,,桐乡市中山东路538号,263
252203,22,芳草地鲜花行,27,芳草地,636,5,18908750156、15887181871,1252695910,408204390@qq.com,同仁街35号,263
234904,22,happyhouse幸福阁花店,12765,HYY,575,5,18620787622、13760862782,2639805552,2639805552@qq.com,增城荔城街富国路11号,263
427167,22,欧罗巴鲜花,179392,欧罗巴鲜花,540,5,15251846245,364714344,364714344@qq.com,华海广场一楼欧罗巴鲜花,263
276192,22,美乐鲜花,23583,美乐鲜花,593,5,18687767870,1640299210,1640299210@qq.com,文化路16号,263
417272,22,颐海花店（花语文化艺术咨询有限责任公司）,151603,天津河北区颐海花店,625,5,13820034034、15602152380,1259943817,2713731508@qq.com,宙纬路18号 联系电话15602152380,262
420880,22,心雨玫瑰花屋,166287,心雨花店,621,5,18921621645,794725695,794725695@qq.com,江苏省海安县海光桥西200米,262
251930,22,姜堰区罗塘街道星语花店,10304,夏秋平68,575,5,13338897266、15152967266,1921789275,2539329453@qq.com,江苏省泰州市姜堰区罗老庄新村159-160号前进路上星语花店罗塘街道老庄新村159-160号北侧第一间,262
318620,22,贵阳十里花铺,47853,13312244273,639,5,13312244273、13312244273,1435786443,3504830845@qq.com,贵州省贵阳市云岩区二桥,262
237964,22,辛集鹿城鲜花,19256,辛集鹿城鲜花,551,5,15633812081,244573242,xinjixianhua@qq.com,建设街河北一集,262
309848,22,苏州那时花开鲜花店,38268,苏州那时花开鲜花店,652,5,18505124956,3257114200,3257114200@qq.com,吴中区苏州市姑苏区东环五六村43幢东环新村-43幢,262
197232,2211,株洲芯花苑花艺,21996,芯花苑花艺,123,5,13787338978,357717293,357717293@qq.com,新华西路176号,262
419451,22,广水丁香花艺,162017,丁香花艺生活馆,613,5,15897656329、15586706729,80646538,351017303@qq.com,广水市应办莲花池口与市政府下坡交汇处,262
265873,22,东莞绿轩花店,22126,东莞绿轩花店,254,5,15812890427、13543774050,984302030,huayi0769@sina.com,市区莞长路东华中学107号铺,262
416658,22,遇见花卉,148312,遇见花卉,631,5,15911518881,393484525,393484525@qq.com,云南省昆明市呈贡区蓝光天娇城,262
425445,22,西宁市城西区芮羽花鲜花店,176029,Tanping,658,5,13919028633,172885408,172885408@qq.com,昆仑路20-8号,261
301953,22,先仙婚庆,26044,紫罗兰婚庆花艺,662,5,15928196949,625924989,625924989@qq.com,成都市成华区华油路138华油路138号居民大院三友路99号附4号,261
394393,22,森鹿情缘鲜花店,124673,15929605253,599,5,15929605253、19194216145,,455213350@qq.com,陕西省宝鸡市金台区金台大道26号金桥大成情缘鲜花店,261
426167,22,爱汐花艺,177411,爱汐花艺礼品店,649,5,13889355013,748380283,748380283@qq.com,启工街南六西路28号,261
333020,22,创缘花艺,62468,创缘花艺,651,5,18012715596,390154647,390154647@qq.com,木渎镇,261
425475,22,城关区万达百货与花鲜花店,176099,yueyue,625,5,13109389075,744867608,744867608@qq.com,兰州市城关区万达百货一楼中厅1250号,261
440130,22,上海情懿花艺,196189,上海罗漫花卉,646,5,18321846498、15125542283,2765477983,2765477983@qq.com,上海市嘉定区新郁路846弄56兆地商务金座BA区1126,261
204429,22,焦作市山阳区彩凤鲜花店,19307,焦作市山阳区彩凤鲜花店,575,5,18739186886,2228316723,caizi7279@yahoo.com.cn,解放路与焦东路交叉口东150米路南（山阳建国饭店斜对面）,261
332757,22,天津市滨海新区大港雨沐花卉,62245,rainflower,634,5,18722150801、15302011376,361024338,361024338@qq.com,霞光路曙光里37号楼底商,261
301546,22,大福门花艺,25537,haoyounai,571,5,13198755532、17683296781,,haoyounai@163.com,四川省达州市渠县天星镇文峰大道南路云满庭附近云满庭(五井路西段)东城政务中心旁,261
318807,22,普洱市思茅区欣妍花屋,48040,15925241368,542,5,15925241368、18708855008,1574006987,,普洱思茅区新华巷欣妍花屋,260
426878,22,有家花店,178796,有家花店（焕焕）,641,5,13519777132,1049001345,1049001345@qq.com,东台市场,260
297448,22,梅州市梅江区五梅花艺,21248,梅州五梅花艺,587,5,18125560288、13823849228,237795707,237795707@qq.com,江南东山桥头,260
438858,22,崂山区格子花店,193771,555abc888,606,5,13969892227、13156425717,2867207591,2867207591@qq.com,"青岛市城阳区青威路689号(利群商圈北,青银高速城阳北口东500米)龙湖悠山郡",260
443804,22,吴兴传奇鲜花店,203236,吴兴传奇鲜花店,650,5,18367238167、18637233333,188471986,188471986@qq.com,浙江省湖州市吴兴区眠佛寺街梳妆台小区广场后路6号,260
309952,22,花之约花店,38404,花之约工作室,638,5,13268143159、13560275202,823872066,823872066@qq.com,芳村大道东,260
301764,22,花稼喜堂,25817,花稼喜堂,584,5,18789252373,471401624,471401624@qq.com,海口市美兰区和平南路延长线21号,260
322513,22,岳阳小米花房,51746,18821888839,646,5,18821888839,278517331,278517331@qq.com,岳阳市岳阳楼区德胜南路79号东方红小学对面,260
419252,22,初见花坊,161641,奉节县初见花坊,577,5,18290230210,1059285203,1059285203@qq.com,奉节县滨江国际,260
332504,22,爱蜜丽花坊,61905,爱蜜丽花坊会所,671,5,13773038391,574089177,574089177@qq.com,常熟市虞山镇泰安街64号,260
260670,22,幸福来鲜花批发婚庆行,13923,许玮,493,5,13079700448、15590640887,420446356,,解放中路七中西走10米,259
231305,22,宿迁市宿城区宿豫区鲜花速递,12183,龙哥,547,5,15996708661,1154748600,longge.2009@163.com,霸王举鼎项王二期南门向东50米（蝶兰鲜花）,259
305853,22,名扬花店,30785,名扬鲜花,562,5,15940315533,295469083,hljzhaoyanmei@163.com,正良 福瑞家超市正门,259
207103,22,爱花居桂林市穿山东路店,11135,桂林市魔女花盒,551,5,15577491213,412823563,1325257394@qq.com,广西省桂林市七星区辅星路8—12号,259
204849,22,北京雨之初花卉中心,20320,北京雨之初花卉中心,43,5,13331105688,289634803,z2008xfx@163.com,通州八里桥花卉市场第三通道75号,259
440173,22,唯美鲜花店,196269,Dngss357770733,645,5,18724763313,357770733,357770733@qq.com,山东省青岛开发区胶南琅琊台路1219号,259
244409,22,河南荥阳市兰花草鲜花,18471,荥阳兰花草,625,5,13849009876、13683711368,375780223,375780223@qq.com,演武路与塔山路交叉口西30米路南,259
307394,22,花语轩花坊,32632,花语轩花坊,612,5,18065552519,81774030,81774030@qq.com,灵狮街3幢9号,259
307426,22,武汉123,31553,横店郁金香,629,5,18271493772,1062042382,1062042382@qq.com,汉口北郁金香花店,259
314099,22,白兰花艺,42944,白兰,663,5,13647449536,602213304,602213304@qq.com,东屯街道樟木坝世纪家园,259
245302,22,宁夏固原花之缘邮政花店,14395,花之缘111,589,5,15909698016,596205236,lizhangsheng2005@163.com,原州区政府街44号,258
313328,22,长沙市天心区那些花儿花艺,42316,chentao1161,634,5,17775844571、18670011822,271838913,316673263@qq.com,泰龙华府,258
325648,22,莆田荔城区钰尚花店,54881,15260266451,625,5,15260266451、15260266036,121018519,,天飞路1133号 阔口社区便民服务代办点,258
426849,22,长沙天心区花到家花艺,178753,花到家花艺,648,5,13789300727、13973137897,359110808,381924689@qq.com,南托街道芙蓉南路四段158号德泽苑（长沙理工大学云塘校区附近）,258
424299,22,章锦玫瑰花屋,173649,忆花坊家庭农场,658,5,13758590455、13216786555,1125055264,1125055264@qq.com,三江东街100号,258
312501,22,花缘花店,41487,13326888080,652,5,13326888080,2055329981,,西湖金源西路105号金沙湾购物广场对面,258
443007,22,三亚情雨花艺,201865,天涯情雨花艺,635,5,19943237580、19943237580,2955759521,2955759521@qq.com,金鸡岭街170号院内2号商铺,258
440230,22,蔓萝花坊,196405,蔓萝花艺工作室,615,5,13821379878、17622705686,,717977543@qq.com,天津市津南区咸水沽建国大街兴旺居,258
303533,22,牡丹江花缘鲜花,27846,a花缘鲜花,474,5,13845367632、15846759032,,1628689054@qq.com,牡丹江市爱民区天安路300牡丹江市爱民区人民政府,258
443382,22,济南顾南衣鲜花店,202631,顾南衣鲜花店,670,5,18763975077、18554706521,2151957287,2151957287@qq.com,甸柳庄63号,258
415509,22,♛锦绣花艺♛,146225,A锦绣花艺,678,5,18205987985,410726256,410726256@qq.com,厦门市湖里区江头东路69号厦门市江头中心小学湖里区台湾街华永天地,257
426038,22,黄冈花伴,177176,黄州巿花伴花艺,644,5,15672666664、15672666664,2045758881,2045758881@qq.com,经济开发区新港二路昆仑一号105–3,257
437608,22,花甜喜事,191316,Huatianxishi,577,5,13401844648、17768464648,1937127198,1937127198@qq.com,金源南路27–2,257
307850,22,江门市一心花店,34896,江门一心花艺坊,674,5,18826166887,718188410,lixiamary@163.com,江门市蓬江区梧岗里76号106室(即培英实验幼儿园往九中街方向300米),257
301542,22,沂水友情鲜花店,25533,友情鲜花店,591,5,13181237389、13954946088,337556234,599088488@qq.com,沂水正阳路 广播局西50米路南,257
425058,22,詹娜花艺,175257,詹娜家Jenna,644,5,18376691603,1056516314,1056516314@qq.com,新竹路南一里10号,257
462028,22,恩施市植治花艺坊,225182,18807267749,584,5,18807267749,,,湖北省恩施土家族苗族自治州恩施市民族路舅母子腊蹄民俗村首府壹品二栋二单元402,257
303090,2211,茂名花店实体联盟,27359,茂名花店,234,5,13553694211、15019375180,1935343075,1935343075@qq.com,茂名市茂南开发区恒悦花园,257
264984,22,鹤岗市兴安区龙凤鲜花礼品店,12769,赵红梅,541,5,15545855888,1134625775,1134625775@qq.com,转盘道,257
421684,22,天津燕燕鲜花店,167989,天津燕燕鲜花店,661,5,13207607942、13207607942,3322439717,33224391717@qq.com,登州路季景馨园2号楼102,257
291188,22,江夏区花之缘鲜花坊,20058,是小维,643,5,15549040665、15549040665,1417592356,bouquetbouquet@qq.com,武汉市江夏区沙羡街姜家畈村江夏区纸坊沙羡街29号花之缘鲜花坊,256
464524,22,梵花花店,229039,15720510211,653,5,15720510211,,,安徽省合肥市霍山路82号安徽农业大学14栋16号商铺,256
425956,22,河海春里花店,177022,河海花里花店,615,5,18915881596,996767018,996767018@qq.com,河海东路旺角花园5-1号,256
332556,22,惟爱花艺,61960,惟爱花艺,657,5,18610844217、18610021731,514482361,514482361@qq.com,北京市大兴区旧宫镇小红门路28号永辉超市斜对面,256
379572,22,丽之花坊,109464,13635448064,615,5,17316782794,,,重庆市渝中区大坪(地铁站)大坪(地铁站)门口的地下通道内1号门市,256
302321,22,香品屋鲜花店,26475,安庆宿松县鲜花店,618,5,13966904805、13966904805,94005110,94005110@qq.com,宿松县人民路199号,256
303392,22,爱花居邵阳市五一中路店,27693,兰桂坊花苑,539,5,15197979777,278085966,278085966@qq.com,五一中路金海大酒店右侧,256
425019,22,雅逸花艺馆,175203,雅逸花艺馆,653,5,14750207900,502022634,502022634@qq.com,汕樟路24号107,256
310676,22,嘉艺鲜花坊,39406,兰景丽园,661,5,15974194778,578774132,1281769495@qq.com,江山如画,256
421559,22,紫漫鲜花,167698,紫漫鲜花花花花,655,5,18075254050,1239763284,1239763284@qq.com,城东保险公司隔壁,256
332933,22,玫瑰花坊,62474,厦门玫瑰花坊,614,5,13860499799、15960288713,1272331085,1272331085@qq.com,厦门市思明区文园路11号之一2号,255
279948,22,彩花大道福建浦城,13589,彩花大道,600,5,13509511646、13509511646,619063025,619063025@QQ.com,南平市浦城县胜利路118号滨江新天地江滨新天地13号楼103店,255
236476,22,江西南昌天意鲜花蛋糕,18706,fyt20010116,574,5,13177800560、18679658378,1299614711,343831819@qq.com,站前西路240号,255
260067,22,广州美好花店,23380,美好花店218,305,5,13411192749,351314090,541324336@qq.com,广州市番禺区钟村镇钟村牌坊（维也纳酒店）对面花店,255
287261,22,怀化花艺,7636,liye,604,5,13787555805,63530989,63530989@qq.com,汽车西站旁边,255
336701,22,萍清花行,66594,13111086346,635,5,13111086346、15234062693,2748620244,,永康街,255
462041,22,木朵花艺,225258,17375735565,343,5,17375735565、17375735575,381821644,,荷花园街道德政园润心苑15栋104,255
201192,2211,德阳馨语花屋,21591,袁蓉,188,5,15308251343、15308251343,498892629,袁蓉,亭江街58号,255
219880,22,广州美源蛋糕店,20311,美源蛋糕店,641,5,13427647866,1981590136,hsy3960807@163.com,员村四横路,255
271471,22,苏州秘密花园,20918,苏州秘密花园,145,5,18551572080,993494969,苏州秘密花园,工业园区唯华路5号曼哈顿广场,255
301779,22,天津广顺陶陶花卉,25832,小南花艺,674,5,13662137717,,397818120@qq.com,天津市河西区西楼后街同善里23门底商,254
460756,22,文月鲜花,222445,18073815899,546,5,18073815899,,,湖南省娄底市娄星区扶青南路盛世华庭九元大厦齿慧口腔,254
440325,22,通州娜娜鲜花店,196560,通州娜娜鲜花店,667,5,15901433214、13366399681,1475042181,371960513@qq.com,北京市通州区南火垡,254
437180,22,恒大俪缘花店,189790,1216529509,482,5,13575065604,1216529509,1216529509@qq.com,岳阳市岳阳楼区求索西路118恒大名都香州路恒大名都二层商铺俪缘花店106号,254
418652,22,爱花居柘城县民主路店,158623,遇花园鲜花店,612,5,15837071070、13592393127,3172448063,1101312979@qq.com,河南省商丘市柘城县南关医院西100米路北,254
198312,22,花中花,351,花中花,676,5,13874319795、13874319795,460721446,460721446@qq.com,七里桥,254
229638,22,花天喜地艺术馆,17855,花天喜地艺术馆,505,5,13770450500、13852260434,673551972,673551972@qq.com,常青路苏州银行对面,254
196881,22,爱神花艺,22057,爱神花艺馆,605,5,15011050107、15011050107,271043460,271043460@qq.com,北京市朝阳区尚都soho西塔1422,254
423063,22,晶晶婚庆花艺,170675,晶晶花艺,593,5,15039581400,1477335687,1477335687@qq.com,临颍县人民路与文化路交叉口,254
263941,22,玫瑰之约鲜花坊,12234,玫瑰之约,625,5,18217664962,2290714609,2290714609.@t.com,惠南镇通济路58号,254
333283,22,龙岗花心语花坊,62086,花心语花坊,709,5,15361501976,616944014,616944014@qq.com,龙岗区龙城街道爱联社区,253
272248,22,新余浪漫花屋鲜花店,20682,新余浪漫花屋鲜花店,654,5,13627909066,443992734,443992734@qq.com,人民北路五金市场旁,253
440709,22,爱花居澧县解放路店,197250,爱花居澧县店,591,5,19973600497,1666358678,1666358678@qq.com,解放路1372号,253
309089,22,草木时空鲜花全城配送,36941,草木时空鲜花,637,5,18629379003,393363231,393363231@qq.com,帝都大公馆,253
334192,22,北京市昌平区盛夏光年鲜花店,64085,18910156363,660,5,18519787618,,,商业街与鼓楼南街交叉口往南10米路西,253
424855,22,花无缺鲜花工作室,27472,花尚尚品生活,663,5,15520619081,2039311863,342122905@qq.com,戎州路中段3号附15,253
424527,22,曲靖开发区朵朵花艺店,174088,曲靖开发区朵朵花艺,641,5,18388863181,1443497572,1443497572@qq.com,曲靖开发区三江大道康居瑞园3幢09S号,253
437584,22,秀丽花卉,191264,大同市秀丽花卉,667,5,18603527474、13203524780,76636118,76636118@qq.com,山西省大同市平城区御河南路8号安康园,253
262302,22,洛阳馨语花坊,13037,馨语花坊,623,5,15038528930、15036776177,570094741,570094741@qq.com,安乐新村甲天下花卉市场A02号,253
335033,22,爱花居曹妃甸区唐海店,64926,15930856504,622,5,15930856504、13102664436,1596081191,,垦丰大街61-23号,253
442771,22,上海闵行妙昕鲜花,201381,15855260414,263,5,15855260414、15286021543,26749421,,上海市浦东新区唐陆公路1575号,252
464303,22,花喜派,226175,15108476942,182,5,15108476942,1050741013,,西航港街道珠江路600号一栋一单元4层414号,252
452795,22,泉州市花心思花坊,213492,18859740008,632,5,18859740008、18859740008,,,泉州市丰泽区西宝路48号附近西郊新塘园丰泽区西郊白水营49号,252
230336,22,怀柔喜尚喜鲜花店,17981,xishangxi,581,5,13466674404,963534832,963534832@qq.com,于家园三区喜尚喜鲜花婚庆（二兴益红绿灯往东200米路北）,252
380367,22,岳小小花艺工作室,110348,岳小小花艺工作室,669,5,13804175972,993667326,993667326@qq.com,辽宁省营口市西市区南海路南31-5-1-甲10,252
305197,22,花儿美鲜花速递,29912,怀仁花儿美,585,5,13643498357,375228807,375228807@qq.com,仁里路322号,252
225119,22,深圳南山区爱美丽鲜花,21648,深圳爱美丽鲜花,204,5,13510511083,17123011,amilylam810@163.com,西丽镇沙河西路西丽楼3259号,252
437896,22,姐姐鲜花店,191857,姐姐鲜花店,676,5,18563856914、15688505800,1410826788,1410826788@qq.com,招远市晨钟路231号,252
419240,22,天育鲜花店,161338,魅力花开,695,5,13263189373,3034509050,3034509050@qq.com,青岛市黄岛区辛安街道澳柯玛人才公寓,252
418699,22,高景花艺,158763,高景花艺～束,607,5,15998524179、17686012270（第一时间解决问题,1207162034,382834789@qq.com,旅顺黄河路26号新玛特2楼,252
461507,22,only you,223997,13145770205,625,5,13145770205,,,洛浦街道夏窖村南华街十巷8号,251
311600,22,舟山丽丽花艺,40587,15957074226,668,5,15957074226、15957050646,2786657585,,舟山市定海区千岛路/新城大道(路口)体育路169号,251
261764,22,资中浓情 鲜花、蛋糕,20874,资中浓情鲜花店,497,5,18383289468,1633919769,1633919769@qq.com,资中二中大门斜对面115号,251
415035,22,花之语花店,145529,花之语花店融辉城店,603,5,13333942919,656299867,656299867@qq.com,河南省周口市商水县周口立交桥爱花居鲜花店(花之语1926店)A12-110,251
443965,22,成都花不语鲜花店,203823,成都花不语鲜花店,8,5,19980795854、19980795854,1051056669,1051056669@qq.com,双丰中路256附14号,251
461967,22,深圳蜜思花艺龙华店,225091,深圳蜜思花艺龙华店,352,5,17727450557,2550629833,2550629833@qq.com,华侨新村（中裕冠大道）,251
461977,22,给你花总店,225116,15999907677,574,5,15999907677,3352378120,,番禺区沙窖中路14巷10号102,251
267973,22,深圳福田科技园车公庙花速达花店,22283,深圳163鲜花网,359,5,13689515221、13828711246,80654,80654@qq.com,百合花卉小镇鲜花批发市场307,251
224293,22,深圳,20124,小美花店,298,5,15220089189,2505797900,baigmyugdu@qq.com,宝安龙华大浪油松民治石岩上塘街道办382号,251
300334,22,唯美花艺馆,24085,彼岸花园,565,5,15185809564、15185002009,353627550,353627550@QQ.com,铜仁市碧江区东太大道157号附近凉水井农贸市场-南门东太大道337号凉水井公交站,251
217347,22,上海怡心花艺生活馆,23539,上海怡心花艺生活馆,582,5,15900564321,39880130,39880130@qq.com,上海市崇明县新崇南路103号,250
258897,22,北京黄村安妮花店,14180,北京大兴安妮花店,679,5,13611087618,935480190,935480190@qq.com,市场路115号(大兴王府井东南侧）,250
311394,22,小宇鲜花,40083,小宇鲜花,695,5,15911078052,598199271,2571308352@qq.com,北土城路林达大厦,250
302851,22,南京尚明花店,27091,尚明花艺,376,5,18551809740,756264586,756264586@qq.com,明发商业广场2栋51012室,250
342138,22,爱花居佳木斯长安路店,72031,15804548273,483,5,15804548273、18945418273,458678103,,佳木斯市佳木斯市市辖区长安桥长安路450号,250
241546,22,济南章丘芳邻鲜花,21999,济南章丘芳邻鲜花,521,5,13864187667,2742759778,921315668@qq.com,章丘明水·明水大街（肯德基北158米）路东,250
332710,22,爱花居太原市亲贤北街店,62187,爱花居山西市亲贤北街店,598,5,15934049996,913452401,913452401@qq.com,亲贤北街太航大酒店东楼西侧爱花居花店,250
470414,22,亮柒鲜花坊,239095,726706,618,5,15002338018,646987675,,重庆市九龙坡区兴胜路55号重庆力扬西西MALL,250
202936,22,聊城太阳雨鲜花店,22060,13780741282,599,5,13780741282、13780741282,1459968275,zgsdlcxh@yahoo.com.cn,兴华西路市林业局东邻（凯瑞豪门大酒店对面）,250
461505,22,15112574635,223992,18207534296,117,5,15112574635、15112574635,592208111,,大良街道,250
211061,22,无锡新区香花坊,23214,李玲123,672,5,18921168079,1048323326,1048323326@qq.com,新区春潮三区行创四路445号,249
424369,22,上海市浦东新区御园花屋,173781,上海市浦东新区御园花屋,669,5,13162561046,3033563037,3033563037@qq.com,浦东新区北蔡镇京浦路322号|1层B,249
312864,22,爱尚花坊，彭娟,41850,13973320632,685,5,13973320632,493861254,,解放路新街口世纪中环,249
307506,22,武汉沫汐花艺,34205,武汉一束缘鲜花,504,5,18963963634、18963963634,2085451291,531362001@qq.com,雅安街353号,249
306484,22,莱州花轩鲜花,31690,美娜,649,5,13791242265,489326839,489326839@qq.com,文昌北路剧院北五十米路东1988号,249
439878,22,中山蔷薇花艺,195715,中山蔷薇花艺,637,5,13924972687,2653028390,465927438@qq.com,康丽花园,249
309853,22,景姿花艺,38278,景德镇多姿花艺,598,5,15350089151、15350089151,,575766725@qq.com,景德镇市珠山区昌南印象,249
424846,22,如意花店13719369572,174823,如意花艺,562,5,13428102229、13719369572,437713745,437713745@qq.com,广州市荔湾区西湾路138号广大医院西湾路134号大岗元北B12档,249
289468,22,嘉兴市南湖区城东心语馨苑花店,22191,嘉兴市南湖区成东心语馨苑花店,677,5,18067052272、15825747698,2224551213,2224551213@qq.com,南湖区格林路173号,249
306133,22,果语花香,31186,ztt930320,683,5,18362806193、15851239895,,1136637302@qq.com,新海路225号果语花香,249
292514,22,亳州伊人花卉,21946,亳州伊人花卉,499,5,13856858599、13856858599,545863784,545863784@qq.com,三曹路89号   老八中南200米路西,248
426670,22,邛崃市邂逅花坊,178438,邛崃鲜花店,704,5,17323240860,1165126093,1165126093@qq.com,东街474号,248
452086,22,芯花坊,212671,15913203391,626,5,15913203391、13425020679,1217234393,,珠海市斗门区环山中路257号天健健康爱心家园斗门区井岸镇新民路347商铺,248
403454,22,西城无忧花店,133734,西城无忧花店,707,5,18652506794,952964317,952964317@qq.com,江南路2号（金溪新村西门对面）,248
440342,22,爱尚婚庆策划中心,192993,爰尚鲜花婚庆,595,5,15851775091、15851774985,2235148520,2235148520@qq.com,安东北路133号,248
381132,22,安宁爱度花艺,111369,xq864808075,636,5,18919815414,864808075,864808075@qq.com,交大对面桃海商业步行街前段尚品佳内,248
308855,22,厦门爱尚花艺花店,36572,厦门爱尚花艺,606,5,18506923073,154438056,154438056@qq.com,兴隆路505-9,248
204182,22,安徽阜阳临泉涵琳花艺,18538,临泉涵琳鲜花速递蛋糕,577,5,18951827618、18225586768,2675876278,2675876278@qq.com,安徽省阜阳市颍州区清河路新师范学院旁,248
439335,22,花语鲜花坊,194718,花语鲜花坊店,599,5,15636497699、18324543797,2707969901,2707969901@qq.com,东风干警楼,248
419370,22,爱花居福州市金祥路店,161964,爱花居仓山店,658,5,15392050559,945688137,945688137@qq.com,福州市仓山区金祥路340号,248
285378,22,甘肃省武威市凉州区特别特鲜花,21256,甘肃武威特别特鲜花礼品店,587,5,18909358878、189093588789,973267378,973267378@qq.com,南大街68号,247
422358,22,幸福花艺(潮阳棉城店）,169357,幸福花鲜花艺,637,5,13536856693、13075101916,960164350,960164350@qq.com,棉城东山路,247
325749,22,安溪珍馨花店,54982,13859711488,684,5,13859711488,1042957503,,831路137号,247
422277,22,七月花坊,169154,六盘水七月花坊,688,5,13583248773,528673671,824369006@qq.com,风池路109号,247
239262,22,江阴恋尚鲜花,18408,江阴恋尚鲜花,532,5,13656155074,985938455,985938455@qq.com,江阴市南街109号,247
439727,22,寻趣花铺,195450,岳麓区寻趣花铺,660,5,18684989980,609760999,609760999@qq.com,谭石路43号,247
309431,22,亮亮花行,37672,亮亮花行,367,5,13819802518、15958299007,2987363190,2748577493@qq.com,宁波市海曙蓝天路93-3,247
453060,22,深圳广州鲜花,214242,18002804833,427,5,19988255822、13713778236,82957752,,深圳市罗湖区深南东路2105号中建大厦,247
302029,22,那一年那一天65,26139,醉美花艺坊,580,5,13719058807,2983586480,2983586480@qq.com,大石洛溪新城吉祥南街137号（吉祥南街和如意三马路交叉口处）,247
310930,22,优美花坊,39371,郑培丽,691,5,18661838435,386899810,386899810@qq.com,和阳路152-61,247
308610,22,深圳思睿,36233,深圳益辉鲜花坊,30,5,13823321691、17688555035,,3248385846@qq.com,福田区泰然工贸园202栋515室,246
417726,22,浪漫花都鲜花速递～,155590,浪漫花都鲜花速递～,686,5,15738844612,1010629234,1010629234@qq.com,河南省郑州市二七区陈砦花卉市场大学路店,246
382157,22,舒城馨馨花艺,112437,舒城馨馨花艺,652,5,13665642908,892007241,892007241@qq.com,舒城县梅河路乌龙井北大门囗,246
305437,22,花宇鲜花店,30234,好麦迪鲜花店,454,5,13936334400,45025893,45825893@qq.com,宣庆街31-5号,246
333941,22,花好月圆鲜花坊,63802,垫江花好月圆鲜花坊,669,5,18996869588、18996869888,,18996869588@163.com,重庆市垫江县新华街496号花好月圆鲜花批发垫江县烈士塔斜对面堡坎旁边,246
419455,22,以马内利花坊,162057,以马内利花坊,699,5,18563991828,3600565724,3600565724@qq.com,青岛市市北区商丘路14号爱雨桐鲜花店,246
304738,22,花露轩花店,29248,花雨轩花店,635,5,15387635222,726883606,726883606@qq.com,表方街59号,246
302205,22,衡水喜运来花坊,26342,衡水喜运来花坊,618,5,18732836262、18103388566,,1174855223@qq.com,河北省衡水市人民路报社街210号,246
303544,22,朵派花艺,27856,离石爱尚鲜花,650,5,15835810055,1214110064,768507743@qq.com,久安路工行西侧10米,246
313827,22,虹镇花店,42949,虹镇花店,712,5,13166030357、15921630052,507238068,2331996634@qq.com,虹镇老街239弄13号,246
305818,22,爱花居余姚市新建北路店,30742,余姚幸福花坊,617,5,18268593280、18268593280,1301541248,1301541248@qq.com,新建北路159号南苑e家酒店楼下,245
380878,22,FOR YOU婚礼花艺工作室,111024,15182652157,696,5,15182652157、13824269410,893579047,893579047@qq.com,园田路下段422号（国税局正对面）,245
300754,22,嘉仪鲜花婚庆,24584,嘉仪鲜花婚庆,662,5,13876983502,1835929454,1835929454@qq.com,海南省琼海市金海路58号（中国银行斜对面）,245
309464,221,如意鲜花蛋糕店,37729,如意鲜花蛋糕店,737,5,13699496894、15386502487,1029918237,1029918237@qq.com,和平小区一号街45号,245
308784,22,枣庄玫瑰缘鲜花,36414,玫瑰缘鲜花,660,5,18266269000,334355269,334355269@qq.com,解放路三角花园红绿灯北100米路西,245
368961,22,怡园花艺,98853,13978375611,613,5,13978375611、18877338263,709287190,709287190@qq.com,崇信路38-13号,245
307554,22,唯美鲜花坊,34287,唯美鲜花坊,699,5,13041200522,451808337,451808337@qq.com,酒仙桥七街坊7号楼底商唯美鲜花坊（酒仙桥中心小学对面）,245
438254,22,北京花如仙鲜花店,192750,天梦之星花艺坊,548,5,13439090533,787909696,787909696@qq.com,朝阳区北京市东城区和平里南街南附近和平里,245
300015,22,常州花之缘鲜花店,23674,常州花之缘鲜花店,76,5,13401609778,1285559852,1285559852@qq.com,武进区聚湖东路282号,245
263154,22,你好漂亮鲜花店,20178,你好漂亮鲜花店,228,5,18207143011、15926496855,434336555,434336555@qq.com,六渡桥,245
467232,22,东莞市东城七彩鲜花店,234272,东莞市东城七彩鲜花店,645,5,13316617793,35132445,seoltine@126.com,学星路新世纪星城76号之1016商铺,244
283783,22,上海佳慧鲜花蛋糕,19620,ch6705396,486,5,15921240220,316206193,316206193@qq.com,天山四村,244
424472,22,赵小胖花艺工作室,173978,赵小胖花艺工作室,695,5,13820409059,1814739079,www.1814739079@qq.com,泰昌路程林里15号楼底商,244
301179,22,花居鲜花婚庆,25086,花居鲜花婚庆,631,5,18545427666,444086333,444086333@163.com,佳木斯,244
437269,22,心语花艺（白象花园店）,190162,金鹿街花香阁花艺,568,5,14788042708,419605216,419605216@qq.com,金鹿街停车场里面（景德路21号2栋201号）,244
223009,22,喜龙花坊,23099,喜龙花坊,474,5,13519488664、19993706789,,heilong7750@163.com,甘肃嘉峪关市东安街区一号楼六号商铺,244
439591,22,摩羯作花艺（用心制作，欢迎下单）,195210,玉米55158,586,5,15848906075、15335655059,1187996754,1187996754@qq.com,成吉思汗大街澳赢花苑,244
461492,22,遇见鲜花店,223973,15012915441,670,5,15012915441、13284375655,,,沙尾西村315栋102,244
439285,22,恋上鲜花店,194637,邻家花坊love尚花,648,5,13730210299、13730210299,1819956174,1819956174@qq.com,保定市新市区天鹅中路643号水文宿舍(南门),244
244417,22,南阳玫瑰花开鲜花婚庆,19787,河南南阳岚凤,654,5,13849703880,1043530249,1043530249@qq.com,人民路88号,244
422111,22,欣欣花艺,168823,Gongyanping,695,5,13823265079,1572988167,624594795@qq.com,民旺路123号,243
445304,22,益阳鲜花花艺馆,205865,18973729998,692,5,18973729998、17752700348,2864112081,,益阳市赫山区赫山北路68号赫山区政府三里桥路57号,243
424352,22,那朵花儿,173752,那朵花儿,644,5,15034275636、18135275636,1127723394,1127723394@qq.com,长治路龙江大酒店对面那朵花儿鲜花店,243
421333,22,林峰花艺,167230,汕头林峰花艺,685,5,13926778155,917303524,917303524@qq.com,嵩山路20号靠绿茵庄,243
218347,22,【川】绵阳.蝶梦花花艺,22134,蝶梦花花艺,457,5,13035640202、13689673378,,蝶梦花花艺,宇虹北街3-4号,243
421631,22,南京爱湾花卉店,167219,爱湾花艺,677,5,18066031289,601065495,601065495@qq.com,南京市白下区洪武路219号,243
420876,22,镜然花园,155025,我是镜然,715,5,13810203255,248384929,248384929@qq.com,北京市昌平区商业街35号,243
438068,22,邂逅鲜花坊,192220,邂逅鲜花坊,693,5,14727000045,784745294,784745294@qq.com,广州市荔湾区芳村荔湾区窖口村,243
309826,22,太原常春藤花艺,38208,浪迹天涯,158,5,18135565572,2672349844,1726129307@qq.com,太原市小店区北寇中街52号阳光幼儿园(北寇中街)太原市小店区平阳东巷常春藤花艺,243
308824,22,盼盼花坊,36534,临泉盼盼花坊,688,5,15755823585,2889490313,2889490313@qq.com,临泉县城关镇光明南路110号（百盛北100米路东）,243
205157,2111,甘肃陇西花开半夏,17354,15593226665,338,5,15593226665,190293006,190293006@qq.com,定西市陇西县双拥路翡翠二期老三中路口丽苑地下超市对面花开半夏,242
424362,22,思宓花艺馆,173767,思宓花艺馆,710,5,13051462528,893265496,893265496@qq.com,花枝胡同7号,242
308670,22,爱花居武汉市工业二路店,36309,镜花缘婚庆,647,5,18771932217,2466533997,2466533997@qq.com,青山区冶金大道工业二路30街坊12附15,242
422871,22,越界花艺工作室,170290,关关雎鸠，在河之洲,660,5,15135968998,1002120770,1002120770@qq.com,运城市盐湖区运金路,242
304871,22,互助路鲜花,29408,西安市互助路鲜花,724,5,15029999058,1615242581,1615242581@qq.com,互助路67号,242
306720,22,江阴市新桥镇四季鲜花店,32392,leaf923,688,5,15961530080,67184954,67184954@qq.com,无锡市江阴市新桥镇陶新路8号(海澜集团内)海澜大酒店-商务楼江阴市新桥镇陶新中路344号建设银行边上,242
225057,22,阜阳花度鲜花配送,13287,第五季鲜花店,642,5,13075003025、15555892025,550166948,第五季鲜花店,清河东路市政府斜对面,242
310364,221,花瑟花园,38971,花瑟花艺生活,736,5,15921047434、18905683018,,524872450@qq.com,平塘路161号,242
258411,22,抚州迎宾花艺,21464,抚州迎宾花艺,631,5,13979483698,275019573,275019573@qq.com,赣东大道676-5号市内加油站旁,242
271291,22,邵阳相约花乡鲜花店,10722,鲜花店,450,5,17897396128,1502193239,1502193239@qq.com,邵州路盛世嘉园2号门面（离火车站，学院不远）,242
311341,22,花时间花店,40313,呼和浩特新城区花时间花艺,702,5,18586031505,1650388026,1650388026@qq.com,健康街中蒙医院南门,241
225126,22,迁安市瑷花族鲜花店,22946,瑷花族鲜花,633,5,13932534499,1540020537,1540020537@qq.com,迁安市燕山大路1621号（邮政局南行60米路东）,241
305934,22,爱花居石家庄槐安路店,30905,石家庄馨之艺鲜花店,605,5,18132099981,1296441308,490292951@qq.com,槐安东路与体育大街交口西南角,241
452635,22,花木堂,213227,hmt13928822960,683,5,13928822596、13928822965,,3479483980@qq.com,大龙街龙涌东路3号,241
224285,22,浦口区永兴鲜花店,14881,永兴花店,706,5,13813015696,285162428,2669220946@qq.com,江浦街道文德巷1号,241
442146,22,上海闵行花空间花艺,200329,花空间创想花艺,579,5,17887935998、17887935998,434317641,434317641@qq.com,古美街道古美路709号,241
439737,22,遇见花语鲜花坊,159737,真情花屋,665,5,18641136020、13342231222,515881582,515881582@qq.com,大连开发区新星里15号,241
418622,22,芯悦屋花卉店,158505,Zhang225500,693,5,13880241545,176164092,176164092@qq.com,星辰二巷二号附5号,241
305572,22,为您中情鲜花,30418,为您中情鲜花,625,5,18294267148、18294267148,3383852979,1625826137@qq.com,甘肃省天水市秦州区456,241
461818,22,蜜思花艺,224770,19927706560,523,5,18664204113,,,赤岗一街,241
303252,22,邗江区花馨园花坊,27524,扬州花馨园花艺,587,5,15896419006,1151982716,1151982716@qq.com,望月路156号,240
320505,22,花妍鲜花,49738,花妍鲜花,718,5,13766653425、13644531317,892226138,892226138@qq.com,太平路新安街15号（红博购物广场楼下）,240
309330,22,爱花居上饶市体育馆路店,37534,yj,693,5,18270151806,283902878,283902878@qq.com,江西省上饶市信州区体育馆路25号,240
379534,22,爱花居江津区北固门店,109426,15923076315,604,5,15923076315,1587493899,,北固门中段,240
381104,22,花为媒鲜花坊,111326,福建花为媒鲜花坊,689,5,13799861819,362680711,362680711@qq.com,福建省泉州市南安市霞美镇大霞美柳南中学斜对面,240
227880,22,花样年华,11236,千岛湖花样年华,247,5,13105713116,892266922,892266922@qq.com,新安大街129-4号 京港大酒店旁边,240
